"bonus part 1 question","bonus part 1 answer","bonus part 2 question","bonus part 2 answer","bonus part 3 question","bonus part 3 answer","packet"
"Name this series of complexes in the inner mitochondrial membrane that generates the proton gradient necessary to power oxidative phosphorylation.","electron transport chain [or ETC ; accept transfer for “transport” or system for “chain”; or ETS ]","In a process similar to the Q cycle, this electron acceptor in photosystem II accepts two electrons and then transfers them to the cytochrome complex, which then transfers them to plastocyanin.","plastoquinone [or PQ ]","The thylakoid membranes of these chlorophyll-containing organelles require electron transport chains. Like mitochondria, they are thought to have developed from bacterial endosymbiosis.","chloroplast s (HK)","1"
"Name this psychometric test developed by a mother-daughter pair which evaluates four dichotomies, providing results in the form of one of sixteen possible four-letter acronyms.","Myers–Briggs Type Indicator [or MBTI ]","The Myers–Briggs test is one test for this set of traits that make up an individual. The acronym OCEAN can be used to remember the “Big Five” behavioral traits that comprise this entity in another model.","personality","Another personality test is a Multiphasic Personality Inventory that was developed by psychologists at this school, which names it. This school is also notable for a series of ongoing twin studies.","University of Minnesota [accept Minnesota Multiphasic Personality Inventory ; prompt on MMPI] (HK)","1"
"The last Khwarazm-shah died on an island in the Caspian after a long pursuit by Jebe and Subutai, generals of this ruler. He was simultaneously fighting against the Khwarezmids in the west and the Jin Dynasty in the east.","Genghis Khan [or Chinggis Khan; accept Temujin ; do NOT accept or prompt on “Khan”]","Al-Khwarizmi, the most famous Khwarazmian scholar, developed this discipline in a book titled for “completion” and “balancing.” The English name for this discipline derives from the Arabic for “balancing.”","algebra (algorithms are named for al-Khwarizmi)","Another famous Khwarazmian scholar was al-Biruni, who compiled an encyclopedia on the culture and polytheistic religion of this country. The Delhi Sultanate ruled from this country as its first Muslim rulers.","India (DM)","1"
"Name this beverage. In one novel, consuming this substance frequently follows ritual breaking of the kola nut.","palm wine [prompt on wine or alcohol]","This character who is famous for throwing Amalinze the Cat drinks palm wine from his “first human head” at funerals. This man hated his father, the lazy musician Unoka, for spending all his money on gourds of palm wine.","Okonkwo","Okonkwo is the protagonist of this 1958 novel by Chinua Achebe, published six years after Tutuola’s more controversially-received The Palm-Wine Drinkard .","Things Fall Apart (DS)","1"
"Name this spice, which names a mountain range in southwest Cambodia and eastern Thailand. These intensely aromatic green or black seed pods come from plants native to the Indian Subcontinent and Indonesia.","cardamom [prompt on Elettaria or Amomum ]","Besides cardamom, Indonesia’s Maluku Islands had nutmeg, cloves, and mace that also attracted attention from this colonial power, which annexed Malacca in 1511. This country fought a Spice War against the Dutch.","Kingdom of Portugal [or Reino de Portugal ]","Another once-coveted spice is this one, whose “true” variety originates in Sri Lanka but whose cassia variety comes from China and Vietnam. Today, this “spicy” bark flavors foods ranging from horchata to apple pie.","cinnamon (HK)","1"
"Name this location which is left empty when its namesake occupant is guillotined for murdering the bar owner Guillaume. The narrator only leaves this location when his fiancée, Hella, returns to Paris from Spain.","Giovanni’s room [accept descriptive equivalents of Giovanni’s place of residence ; prompt on partial answer]","Giovanni’s Room was written by this African-American author. This author depicted John Grimes’ antagonistic relationship with his stepfather Gabriel in his first novel, Go Tell it on the Mountain .","James (Arthur) Baldwin","Both Gabriel and Baldwin’s own stepfather shared this profession, which Baldwin considered pursuing in his youth. Jim Casy, a former member of this profession, travels with the Joad family in The Grapes of Wrath .","preacher [or pastor , deacon , minister , reverend or equivalents] (MGS)","1"
"Name these artworks, which contained “surprises” like automata. Of 52 “Imperial” versions, only 46 survive, including ones themed for the Imperial Coronation and the Romanov Tercentenary.","Fabergé egg s [prompt on partial answer; prompt on Easter eggs ]","Fabergé’s only female workmaster, Alma Pihl, designed an egg named for this season whose glass shell is studded with platinum and 1,660 white diamonds. The Tsars’ official residence was a Palace named for this season.","winter [accept Winter Egg ; accept Winter Palace ; accept Zimniy dvorets]","The Lilies-of-the-Valley Egg featured a surprise of three of these artworks. Ottoman artists illustrated illuminated manuscripts with paintings known as this type of work.","portrait miniature s [accept miniature paintings; prompt on p ortrait s] (HK)","1"
"In the Book of Genesis, God takes six days to create the world; on the seventh day, God does this, forming the basis for the Sabbath day.","God rests [accept equivalent descriptions; do NOT accept or prompt on “sleeping” or equivalents]","In the Gospel of John, Jesus performs seven miracles and makes seven statements beginning with this two-word phrase. Either the English or the Greek is acceptable.","I am [or ego eimi ]","Revelation claims seven angels will sound seven trumpets to herald the apocalypse, possibly alluding to the destruction of this city after it was encircled for seven days straight.","Jericho (DS)","1"
"That quote is from this song cycle’s lied “The Miller and the Brook,” in which the miller commits suicide over his unattainable love. This song cycle’s composer set the same poet’s poems in it and in Winterreise [“VIN-tair-RAI-suh”] .","Die Sch ö ne M ü llerin [accept The Fair Maid of the Mill or similar translations; accept D. 795 ; accept but do NOT otherwise reveal Schubert Opus 25 ]","Gretchen sings “when he’s not with me, life’s like the grave” while at her spinning wheel in one of many lieder written by this composer of Die Sch ö n e M ü llerin .","Franz (Peter) Schubert","The Liebestod is widely used in tragic romantic scenes and ends an opera about these lovers as one of them cries over the other’s body. Their namesake opera begins with a highly dissonant “F, B, D# [“D-sharp”] , and G# [“G-sharp”] ” chord.","Tristan und Isolde [accept Tristan and Isolde ] (DM)","1"
"This doublecrossing condottiero took the Romagna with the aid of his father Alexander VI and also aided Louis XII in taking Milan and Naples. Machiavelli says he is the ideal prince.","Cesare Borgia [prompt on Borgia ]","Not only did the Italian Wars have military complications, but they likely also had public health complications. This king captured Naples in 1494-5, while his forces suffered the first known syphilis outbreak.","Charles VIII [or Charles the Affable ; prompt on Charles ]","Ironically, the Italian Wars, lasting 65 years, occurred after the Treaty of Lodi, intended to stop future conflict. That treaty was signed between Milan, Naples, and this trade-centered city with many canals.","Venice [or Venezia ] (DM)","1"
"Anning worked on a coast in Dorset named for this second geologic period of the Mesozoic Era. Named for a western subrange of the Alps, it came after the Triassic and before the Cretaceous.","Jurassic","Anning made some of the first discoveries of “bezoar stones,” which turned out to be fossilized pieces of this substance. Now called coprolites, fossils of this substance often contain fragments of bones or scales.","feces [or excrement ; accept informal terms like poop ]","Anning’s discoveries provided evidence for George Cuvier’s theories of extinction, which he held as part of this broader hypothesis that Earth is shaped by short, violent events. It is contrasted with uniformitarianism.","catastrophism (SE)","1"
"This kind of puzzle, commonly found in newspapers, requires you to fill in a nine-by-nine grid. The columns, rows, and three-by-three sub-grids must each contain the numbers one to nine only once.","sudoku","Players must create words by moving diagonally, horizontally, or vertically in this game played on a four-by-four grid of letter dice. Words of 8 letters or more are worth eleven points, the highest possible value.","Boggle","This genre of games requires the player to push boxes to goals while avoiding constraints. The Japanese company Thinking Rabbit published the first version of this kind of game, another example of which is Rush Hour .","sokoban [accept warehouse or sliding block puzzles] (MGS)","1"
"Name this city. Another poem titled after this city’s old name addresses it, saying “I am simply not ready to die: / You possess my phone number – just give it a try.”","St. Petersburg [or Sankt- Peterburg ; accept Leningrad ] (The poems are “Lost Tram” by Nikolai Gumilev and “Leningrad” by Osip Mandelstam.)","The protagonist of this “Petersburg Tale,” Yevgeniy , is chased around the streets of St. Petersburg by the title object which he had cursed. In this poem, Yevgeniy goes mad after Parasha drowns in the Neva River.","“The Bronze Horseman : A Petersburg Tale” [or “The Copper Horseman ”; or “ Mednyi Vsadnik ”]","This Russian poet wrote “The Bronze Horseman.” In a more famous text by this author, Eugene Onegin kills Lensky in a duel.","Alexander (Sergeyevich) Pushkin (VS)","1"
"Name these events in which two objects come into contact and separate while conserving total kinetic energy.","elastic collision s [prompt on collision s; do NOT accept or prompt on “inelastic collisions”]","In addition to conserving kinetic energy, elastic collisions also conserve this vector quantity, as do all collisions. This quantity symbolized p is the product of mass and velocity.","linear momentum [or translational momentum ]","Suppose that a mass m 1 with velocity v collides elastically and head-on with a smaller stationary mass m 2. In the “ m 2 equals zero” limit, what is the final lab-frame velocity of m 2? You have 15 seconds, and it may help to shift to the reference frame of m 1.","2 v [accept any answer indicating two times v or twice v ] (DM)","1"
"Name this writer who also edited and compiled a friend’s draft of Theories of Surplus Value into the fourth and final volume of a massive economics text. A later acclaimed work of his was The Origin of the Family .","Friedrich Engels [accept Frederick Engels ]","Engels researched The Condition of the Working Class in England in this British city, the center of the global cotton industry. A protest for popular representation in this city was broken by cavalry in the Peterloo Massacre.","Manchester","Engels’s work on the English Industrial Revolution occurred during this monarch’s reign. This monarch’s 64-year reign included the passing of the Reform Act of 1867, expanding the electorate to many low-wage earners.","Queen Victoria (DM)","1"
"Name these “raving ones” who tore apart cattle with their bare hands. Led by Agave, this daimon -maddened group dismembered Agave’s son, Pentheus, after he tried to ban worship of their god.","the Maenad s [accept but do NOT otherwise reveal the Bacchae or the Bacchant es; accept the Bassarid s]","The Maenads were the followers of this foreigner god of wine and madness.","Dionysus [or Bacchus ; or Zagreus ]","Agave was the sister of this mother of Dionysus. However, that didn’t stop her from slandering this woman after her death upon being exposed to Zeus’ glory.","Semele (HK)","1"
"Identify these funerary objects, which were often carved from stone. Another of these objects of the Spouses was created from terracotta and portrays a smiling couple reclining at a banquet.","sarcophagi [or sarcophagus ; prompt on “ coffin ”]","This civilization created the Sarcophagus of the Spouses . This pre-Roman civilization included Charon and the demon Vanth on the Sarcophagus of Lars Pulena , and painted a terracotta statue of Apollo at Veii.","Etruscan","A sarcophagus named for Cardinal Ludovisi features one of these events carved in horror vacui , so that there is no space left for any background. Pollaiuolo created an engraving of ten nude men engaged in one of these events.","battle [prompt on fight or synonyms] (SL)","1"
"Name this A.S. Byatt novel split between past and present, in which a pair of modern academics investigate a secret romance between two fictional Victorian poets.","Possession : A Romance","This Tom Stoppard play similarly takes place in both past and present and features two scholars researching the 19th century inhabitants of Sidley Park, including Lord Byron, Septimus Hodge, and Thomasina Coverley.","Arcadia","Future historians at the “Twelfth Symposium on Gileadean Studies” use the title document to study a collapsed American theocracy in the epilogue to this author’s The Handmaid’s Tale .","Margaret (Eleanor) Atwood (DS)","1"
"Name this president. Immediately after his inauguration, this president removed federal troops from Louisiana and South Carolina, effectively handing over the states to the “Redeemer” faction of the Democratic party.","Rutherford Birchard Hayes","Hayes’ removal of troops from the South, agreed in the Compromise of 1877, marked the end of this historical period, in which both the North and the South grappled with the effects of the Civil War.","Reconstruction","Historians have given this two-word nickname to Hayes’ wife because of her ardent support for the temperance movement and role in banning alcohol from the White House.","“ Lemonade Lucy ” (Her full name was Lucy Ware Hayes, née Webb.) (MP)","1"
"Group 13 is often named for this second-period element, its lightest member. This metalloid element forms stable compounds that have only six valence electrons.","boron [accept B ]","Boron is a poor electrical conductor, but this light, strong metal immediately below it is a very good one. This metal is used in cars, cans, and a thin foil sometimes misleadingly named for tin.","aluminum [accept Al ; accept aluminum foil]","Group 13 elements like gallium form semiconductors with elements in this other group. Toxic elements in this group include one that forms a tetrahedral white allotrope and one that is detected by the Marsh test.","group 15 [or pnictogen s; or nitrogen group; accept group V [“five”] or group VA [“five-A”] or group VB [“five-B”] ] (MP) Tiebreaker The valet Jean tells this character about a dream in which he wants to climb a tall tree to plunder the bird’s nest on top. For 10 points each:","1"
"Identify this African-American artist. He parodied Grant Wood’s American Gothic in a photograph of Watson holding a mop and broom beneath a flag.","Gordon Parks [or Gordon Roger Alexander Buchanan Parks ]","In 1948, Parks joined this now-defunct publication as a staff photographer. This magazine published Robert Capa’s D-Day photos, and featured Margaret Bourke-White’s photograph of Fort Peck Dam for its first issue.","LIFE Magazine","In 1952, Parks captured a series of photographs for LIFE Magazine inspired by this Ralph Ellison novel. In one photo, a man reminiscent of this novel’s unnamed protagonist listens to a phonograph amid numerous lightbulbs.","Invisible Man (SL)","2"
"Tsutsui was born in this country and served in its Imperial Navy during World War II. This country’s chemistry Nobel laureates include Akira Suzuki and Ryōji Noyori.","Japan [or Nippon ; or Nihon ; accept Empire of Japan ]","With his Yale advisor Harold Zeiss, Tsutsui proposed a “sandwich” structure for organochromium [“organo-kro-mee-um”] compounds. The first sandwich structure to be confirmed was this compound with an iron center and two cyclopentadienyl [“cyclo-penta-di-ee-nil”] rings.","ferrocene","After getting his Ph.D., but before rejoining academia, Tsutsui worked at this company. Acquired by Bayer in 2018, this company manufactures the herbicide Roundup and controversial genetically modified seeds.","Monsanto Company [accept Monsanto Chemical Company] (MP)","2"
"Name that thing which women most desire, as the knight finds out from an old crone he’s forced to marry. When he puts his knowledge of this thing into practice, the crone he married turns into a beautiful woman.","sovereignty [accept mastery ]","That story occurs as part of this Middle English collection of stories by Geoffrey Chaucer that is narrated by a band of pilgrims.","The Canterbury Tales","The knight finds out what women most desire in a tale told by this pilgrim in The Canterbury Tales. This woman has been married to three good, and two bad, husbands.","Wife of Bath [accept Alyson or Alys ] (HK)","2"
"Name this sort of person. Another saying advises, “If you meet [this person] on the road, kill him.”","Buddha [accept Buddha -nature, Buddha hood, or Tathāgata garbha]","Those sayings are examples of koans, paradoxical statements that test practitioners of this East Asian Buddhist school. This school emphasizes meditation and is particularly popular in Japan.","Zen Buddhism [or Chan Buddhism; prompt on Mahayana Buddhism]","Zhaozhou answers the question about the dog’s “buddha-nature” by saying wu , a popular term in Zen philosophy that can be translated as this noun. This is the second title concept of Jean-Paul Sartre’s magnum opus.","nothing ness [accept Being and Nothingness or L'Être et le néant ] (MGS)","2"
"Name this far-right political party implicated in the 2013 murder of rapper Pavlos “Killah P” Fyassas.","Popular Association – Golden Dawn","The Golden Dawn is a far-right party in this country, which is currently led by Prime Minister Kyriakos Mitsotakis.","Greece [or Hellas ; or Hellenic Republic ]","The Golden Dawn is implicated in a 2013 attack on the consul-general of this country. They also protested a Greek channel airing the TV drama Muhteşem Yüzyıl from this country by urinating on the channel's door.","Turkey [or Republic of Turkey ; or Türkiye Cumhuriyeti] (JS)","2"
"Name these institutions that became centers of social life, providing newspapers, cards, and chess. The Griensteidl, Central, and Herrenhof ones became prominent gathering spots for writers.","coffeehouses [accept coffee shops , cafés , or any answer indicating a place where coffee is drunk ; accept but do NOT otherwise reveal Vienna coffeehouses ]","Kolschitzky purportedly began the first coffeehouse in his city after retreating soldiers left coffee after this 1683 event, in which the winged hussars of Jan Sobieski ended a siege to the “Red Apple of the West.”","Siege of Vienna","The kipferl, which became this French pastry, was legendarily invented after the Siege of Vienna to celebrate bakers who caught Ottomans tunneling under the city. Its shape mimics the Islamic crescent.","croissant (DM)","2"
"Name this commodity, a deep blue stone often streaked through with gold. It’s not turquoise, but it was commonly used in Ancient Egypt for amulets and later used to make the dye ultramarine.","lapis lazuli","Most lapis was, and still is, mined in this mountain range. Tirich Mir is the highest peak in this mountain range which also contains the city of Bagram.","Hindu Kush","Afghanistan was also an important ancient center for the mining of this metal, which with copper is used to make bronze.","tin [accept Sn ] (HK)","2"
"Name this process, which a god of wind named Shu also carried out at the command of an enraged Ra to punish a goddess who’d obtained five extra days during which to have children.","separation of the sky and earth [accept any reasonable equivalent; accept heaven for “sky”; prompt on separation of Geb and Nut by asking “what do Geb and Nut represent?”]","The Chinese goddess Nüwa propped the sky up above the earth with the legs of a black one of these animals. Hermes strung gut across a different body part of this animal to create the first lyre.","turtle s [or tortoise s]","Separation myths often require archetypal world-parents, such as Ouranos and this primordial goddess of the earth, Ouranos’s mother and wife.","Gaia [or Gaea ] (HK)","2"
"Name these permanent winds that flow from east to west between 30 degrees no rth and south latitudes.","trade winds [or easterlies ; prompt on prevailing winds]","The trade winds are the main drivers of one of these phenomena in the Eastern Pacific named for Alexander von Humboldt. The Peruvian coast is continually bathed in cool water by that one of these large-scale flows.","ocean current s [accept Humboldt Current ]","The Humboldt Current also contributes to this phenomenon in which cold, deep water rises to the surface, displacing warmer water and supplying nutrients to marine life.","upwelling (DR)","2"
"Describe this event, which nullifies Louise’s earlier assertion that she was “Free! Body and soul free!” This event contradicts two telegram reports received by Richards at the start of the story in which it occurs.","Louise’s husband returns home alive [accept any description involving her husband being alive ; accept Mr. Mallard or Bentley Mallard for “Louise’s husband”]","Louise dies at the end of “The Story of an Hour,” a work by this American author who also wrote a story in which Armand rejects his wife Désirée for giving birth to a dark-skinned baby.","Kate Chopin [accept Katherine O’Flaherty ]","This novel, Chopin’s most famous, centers on Edna Pontellier’s unhappy marriage and growing independence from her husband Léonce.","The Awakening (MGS)","2"
"Give the exact two word phrase for these people, who title a song which claims that “no one likes a [this kind of person].” In another song, the superlative person of this type “had a marvelous time ruining everything.”","mad women [or “ mad woman ” or “the maddest woman this town has ever seen”]","A whole host of madwomen populate the discography of this superstar artist of the surprise album folklore , whose other hits include “Love Story” and “You Need to Calm Down.”","Taylor Alison Swift","Swift caricatures misogynist media depictions of herself as a hysterical “nightmare dressed like a daydream” in this song. In it, she laughs about her “long list of ex-lovers” who’ll “tell you [she’s] insane.”","“ Blank Space ” (HK)","2"
"Name these places, the aforementioned Changi example of which also contains a butterfly garden. Rows of white tents atop another of these places in Denver are meant to evoke the nearby Rocky Mountains.","airport s [or airport terminal s; accept Singapore Changi Airport or Jewel Changi Airport or Denver International Airport or Kansai International Airport ]","The Rain Vortex was designed by Moshe Safdie in an airport of this city-state, which is also home to many merlion statues. Safdie designed this city-state’s Marina Bay Sands resort with a skypark that spans three towers.","Republic of Singapore","Zaha Hadid designed a recently-opened airport with concourses radiating out in a starfish-shaped pattern in this city. Criss-crossing steel beams comprise the Bird’s Nest stadium, where the 2008 Olympics were held, in this city.","Beijing (AY)","2"
"Name this physicist who developed a set of eight 3-by-3 Hermitian matrices used to describe the strong force. He took the name for another of his discoveries from James Joyce’s Finnegans Wake .","Murray Gell-Mann","Gell-Mann coined the name for these elementary particles, which come in six flavors. A proton is made of two “up” and one “down” examples of these subatomic particles.","quark s","Gell-Mann and Richard Feynman developed a “vector-minus-axial-vector” theory to explain the Wu experiment’s observation of parity violation by this fundamental force.","weak force [or weak nuclear force; or weak interaction] (DM)","2"
"Name this composer, who in total wrote nine books of madrigals. This composer also included the foreboding aria “Possente spirto” in his L’Orfeo , the earliest surviving opera still performed regularly today.","Claudio Monteverdi [or Claudio Giovanni Antonio Monteverdi ]","Monteverdi included a penultimate section on “Ave maris stella” in a choral setting of this namesake prayer service for the Blessed Virgin . Monteverdi concluded his setting of this service with a seven-voice Magnificat.","Vespers for the Blessed Virgin [accept Vespro della Beata Vergine or Vespers of 1610 ]","In his later life, Monteverdi moved away from the “equal-voiced” Renaissance version of this compositional technique. Palestrina’s Pope Marcellus Mass allegedly prevented this technique from being banned by the church.","polyphony [accept word forms] (AY)","2"
"Name this influential Virginia family, whose members included Richard Henry, later the President of the Continental Congress. A member of this family named Robert led the Confederacy’s Army of Northern Virginia.","Lee [accept Richard Henry Lee ; accept Robert E(dward) Lee ]","This president was a member of the Lee family. This president, during whose administration the Clayton-Bulwer Treaty was passed, was the first to be elected without having held prior political office.","Zachary Taylor","Edward Douglass White, a member of the Lee family, served on the Supreme Court for three decades. He was in the majority in this case, in which John Harlan, the sole dissenter, wrote that the “constitution is color-blind.”","Plessy v. Ferguson [accept either underlined name; accept names in either order] (MP)","2"
"Name this act that Charse Yun contends Smith performed unfaithfully. Other people known for doing this include Margaret Sayers Peden and Donald Keene.","literary translation [accept word forms like translator ; accept, but do NOT otherwise reveal more specific answers like translating into English from Korean, Spanish, or Japanese]","Smith translated Han Kang’s The Vegetarian from this language. Jamie Chang translated Cho Nam-joo’s controversial novel about everyday misogyny, Kim Ji-young, Born 1982 , from this language as well.","Korean [or hanguk-eo ; or hanguk-mal ; or uri-mal ; or guk-eo ]","Kim Ji-Young takes the form of the notes of one of these people. In The Vegetarian , one of these people attempts to force-feed the thrashing protagonist, Yeong-hye, as others hold her down and her sister watches.","psychiatrist s [prompt on doctor s] (HK)","2"
"Name this holiday, during which members of Abakuá, an all-male religious secret society, perform in public. Water is blessed on this post-Christmas holiday commemorating a visit from Caspar, Melchior, and Balthasar.","Epiphany [accept Theophany or Dia de los Reyes or Three Kings’ Day ]","Elements of Abakuá rhythmic ensembles, including clave rhythms, influenced the development of this danced musical genre. This musical genre’s guaguancó subgenre features a style developed in Matanzas.","rumba","Abakuá and rumba inspired by it developed in this Caribbean country, where many adherents of Santería worship the orichá in the provinces of Havana and Matanzas.","Cuba (AY) 18. One man of this family was the lover of Queen Isabella and invaded England, ruling the country at the start of Edward III’s reign. For 10 points each:","2"
"Name this severe condition found in some HIV-positive patients.","AIDS [or acquired immunodeficiency syndrome ; prompt on immunodeficiency ]","Patients with AIDS often develop infections of this type due to their immunocompromised status. Cytomegalovirus and Kaposi’s sarcoma are AIDS diagnosis-defining viral infections of this type.","opportunistic infections","Other opportunistic infections common in patients with AIDS include cryptococcal meningitis and candidiasis [“can-did-EYE-ah-sis”] , both of which are caused by these kinds of infectious agents.","fungi [or fungus ; or fungal meningitis] (HK)","2"
"Name this crop. “By God, the old man could handle a spade” digging up this crop in a poem collected in Death of a Naturalist .","potato es [accept the Irish potato famine]","This Irish Nobel laureate compared his writing process to his father’s potato farming in “Digging.” He rendered “hwæt,” [“HWAT”] the first word of Old English Beowulf , as “So” in an acclaimed 1999 translation.","Seamus (Justin) Heaney","Instead of “What ho!” “Listen!” or even “So,” as favored by some of the male translators before her, Maria Headley opens her new feminist translation of Beowulf with this satirical word.","“ Bro !” (DS) Tiebreakers This chant emerged after the Buffalo Evening Telegraph published a scathing moralistic exposé in July 1884. For 10 points each:","2"
"Name this only liquid metallic element at standard temperature and pressure. Its chemical symbol is Hg.","mercury","Mercury dissolves other metals to form alloys known by this term. One of these alloys called the “dental” variety is used to fill cavities and consists of silver, tin, and copper dissolved in mercury.","amalgam","Other amalgams, particularly those of sodium, are useful as these kinds of reagents that donate electrons to recipients in certain chemical reactions.","reducing agent s [or reductant s; or reducer s] (HK)","3"
"Name this body of water. The 1953 flood killed over 1800 people in the most heavily affected country and displaced another 32,000, after which the Delta Works were made to prevent future flooding.","North Sea","This country was most devastated by the North Sea Flood of 1953 due to being mostly below sea level. Last-minute heroics in Nieuwerkerk likely prevented its cities of Rotterdam and the Hague being destroyed as well.","Netherlands [or Nederland ; or Kingdom of the Netherlands ; or Koninkrijk der Nederlanden ]","The flood was devastating because the Netherlands’ land largely consists of these areas of low-lying reclaimed land protected only by dikes. A namesake Dutch “model” of making decisions by consensus is named for them.","polder s [accept polder model] (DM)","3"
"This term means to borrow a stock and sell it immediately in hopes of buying it back at a lower price. Redditors were aiming to “squeeze” hedge funds like Melvin Capital that engage in this practice for large profits.","short selling [or short ing; or going short ; or short squeezing]","Melvin’s short position reflected a pessimistic stance towards Gamestop described by this term, in contrast to r/WallStreetBets’ heavily bullish attitude. Markets described by this animal term expect prices to fall.","bear ish [accept bear market]","The subreddit insisted the Gamestop rally was not one of these schemes, in which fraudsters make misleading positive statements to inflate a bad stock’s price before selling high and leaving their victims “holding the bag.”","pump-and-dump [accept P&D ] (DS)","3"
"Name this peninsula, where many consider the folk song “Arirang” an unofficial national anthem. Groups like Seo Taiji and Boys from this peninsula pioneered its modern form of pop, which today features groups like BTS.","Korea [or Korea n Peninsula]","A popular postcolonial genre of Korean music takes its name from this dance, with which it shares little else. A couple performs this dance after one of them, a former starlet, crashes a banquet in the third act of one opera.","fox trot [accept teuroteu ] (That opera is Nixon in China. )","Western classical music is also popular in South Korea, with soprano Sumi Jo gaining recognition for her work in this operatic style employed by composers like Bellini. This style’s name means “beautiful singing” in Italian.","bel canto (AY)","3"
"Identify this country which signed a 2018 peace treaty with Ethiopia to end a border conflict dating back to this country’s independence in 1993.","Eritrea [or State of Eritrea ]","Until Eritrea’s independence, Ethiopia had a coastline on this sea which Eritrea now borders. This sea is connected by the Suez Canal to the Mediterranean Sea.","Red Sea [or al-Bahr al- Ahmar ; or al-Bahr al- Qalzam ; or Qeyyih Bahri; or Yam Suph ; or Yam Adom ]","Eritrea’s independence came with ownership of the Dahlak Archipelago in the Red Sea, which has been famed since Roman times for this industry. The city of Muharraq was also once a center of this industry.","pearl fishing [or pearling ; or pearl hunting; or pearl diving; prompt on fishing or diving ; prompt on oyster s or oyster diving ] (HK)","3"
"Name this country, the setting of The Joke . Showing great self-awareness, this country quickly banned The Joke ’s film adaptation upon the end of its 1968 Prague Spring.","Czechoslovakia [or Československo ; prompt on the Czech Republic or Czechia ]","In this novel by the author of The Joke , a surgeon returns to Soviet-occupied Prague to be with his wife Tereza and his dog Karenin, thereby ending his longtime affair with the kitsch-hating Sabina.","The Unbearable Lightness of Being [or Nesnesitelná lehkost bytí ] (The author is Milan Kundera.)","Ironically, Sabina inspires her ex-lover Franz to join an undeniably kitschy—and ultimately futile—“Grand March” protesting communism in this Asian country.","Cambodia [or People’s Republic of Kampuchea ] (DS)","3"
"Name this “Gay Fantasia on National Themes.” In it, both Prior and arch-conservative lawyer Roy Cohn learn that Heaven looks a lot like San Francisco.","Angels in America : A Gay Fantasia on National Themes","Many characters in Angels in America are either Mormons or members of this faith, also the religion of author Tony Kushner. This is also the religion of Elie Wiesel, the author of Night.","Jew ish [accept Judaism ]","In the play, the name of Prior’s lost cat, Little Sheba, references a work by this closeted gay “Playwright of the Midwest” who also wrote Bus Stop and Picnic .","William (Motter) Inge (DS)","3"
"Name these people. Mahāpajāpatī was the first woman to become one of these people, who follow proscriptions of the Vinaya Piṭaka .","Buddhist nun s or Buddhist monk s [accept bhikkunī s or bhikṣuṇī s or bhikku s or bhikṣu s; accept Sangha ; accept Buddhist priest s; prompt on nun s or monk s or priest s or Buddhist s]","A Buddhist nun founded Japan’s Tokeiji Temple, where abused women could stay for three years in order to undergo this procedure that ends a marriage.","divorce","Nuns from the Drukpa lineage in this country have gained fame for their self-defense kung fu training. Māyā gave birth at Lumbinī in this country.","Nepal [or Federal Democratic Republic of Nepal ; or Saṅghīya Loktāntrik Gaṇatantra Nepāl ] (AY)","3"
"Name this technique, in which instruments play at slightly different tempi and get gradually more and more misaligned in their rhythm until they finally beat-lock again after one gets a full beat behind.","phasing [accept word forms]","This composer of It’s Gonna Rain and Clapping Music prominently used phasing. This composer’s Different Trains pairs a string quartet with tape recordings of interviewees discussing the years surrounding World War II.","Steve Reich [or Stephen Michael Reich ]","Reich, as well as fellow composers Philip Glass and John Adams, worked in this repetitive style of music that intends to strip classical music to its most basic parts and uses very few musical elements.","minimal ism (DM)","3"
"Name this state once governed by Robert “Fighting Bob” La Follette, the Progressive Party candidate for president in 1924.","Wisconsin","La Follette espoused methods of direct democracy, including the initiative, referendum, and this process for removing an elected official. They differ from impeachments in that the result is decided directly by the voters.","recall election [or recall referendum; or recall petition]","Another Wisconsin Progressive, Victor Berger, led a Socialist movement in Milwaukee that was mockingly nicknamed for its focus on these public facilities.","sewer s [or obvious equivalents; accept sewer socialism] (DS)","3"
"Name this college basketball powerhouse located in Durham, North Carolina. Christian Laettner, Kyrie Irving, and JJ Redick were coached at this university by Mike Krzyzewski [shuh-SHEV-skee] .","Duke University [accept either underlined part of Duke Blue Devils ]","This Canadian-born player recorded Duke’s first triple-double in 13 years in a 2019 game against North Carolina State. He went on to be selected third in the 2019 NBA Draft by the New York Knicks.","RJ Barrett [or Rowan Alexander Barrett Jr.]","This other Blue Devil was picked first in the same draft by the New Orleans Pelicans. Nike’s market cap dropped by more than a billion dollars after one of this player’s shoes broke in a game against North Carolina.","Zion (Lateef) Williamson (JD)","3"
"Identify these features of dynamical systems, which may be termed stable if they are “attracting.” They can be found by iterating repeatedly, or by setting a system of differential equations equal to zero.","fixed points [accept equilibrium points]","A stable fixed point is known by this word if a system returns to it under all possible perturbations. A function’s local minimum may not coincide with the absolute minimum described by this geographically-inspired word.","global [accept globally stable or global stability or global minimum]","The Lorenz equations have a globally stable orbit whose shape sometimes resembles this animal. Large effects caused by small changes in initial conditions are analogized to this animal flapping its wings.","butterfly [accept butterfly effect] (DR)","3"
"Name this pharaoh who unified Upper and Lower Egypt and is depicted on a namesake palette wearing the crowns of both parts. Alternatively, name the legendary unifier of Egypt who is often identified with him.","Narmer [accept Menes ]","The 3rd Dynasty Pharaoh Djoser commissioned his architect Imhotep to build the first known ones of these structures made of stacked mastabas. More famous versions of these structures are located at Giza.","pyramid s","Manetho states that the final Old Kingdom pharaoh, Pepi II, reigned for 94 years; he probably ruled for at least 60. That long reign preceded the collapse of the Old Kingdom and beginning of the first of these periods of disunity.","Intermediate Periods (DM) 14. In the Shahnameh , after receiving kisses from Ahriman, Zahhak grew a pair of snakes that consumed these organs from his shoulders. For 10 points each:","3"
"Name these organs. In popular culture, zombies also enjoy eating these organs.","brain s","Athena refused to grant immortality to Tydeus, the father of this hero, after Tydeus devoured Melanippus’ brain during the Seven Against Thebes. This hero wounded Aphrodite and Ares on the same day during the Trojan War.","Diomedes","Cet mac Mágach attempted to assassinate this king of Ulster by slingshotting a calcified brain into his head. This uncle of Cu Chulainn, who survived for the next seven years, forced Deirdre of the Sorrows to marry him.","Conchobar mac Nessa (AY)","3"
"Name this Central Park fountain, located on a terrace that shares its name. Emma Stebbins modeled the Angel of the Waters sculpture at this fountain’s center on her partner, Charlotte Cushman.","Bethesda Terrace and Fountain","This sculptor created Mercury Fountain for the 1937 International Exhibition, in order to memorialize the siege of Almadén during the Spanish Civil War. This artist used his namesake red for sculptures like Flamingo .","Alexander Calder","The Women’s Table , a granite fountain located at Yale University inscribed with the number of female students attending the college every year, was sculpted by this artist. She also designed the Vietnam Veterans’ Memorial.","Maya (Ying) Lin (SL)","3"
"Name this play. The title 69-year-old man celebrates his birthday in this play by listening to past recordings of his younger self, getting more and more worked up over his shattered dreams.","Krapp’s Last Tape","Krapp’s Last Tape was written by this author and premiered as a curtain-raiser for another of his plays which features Hamm and his servant Clov.","Samuel (Barclay) Beckett (The second play is Endgame .)","Krapp’s Last Tape is known for having this theatrical quality. Plays with this characteristic are often called performance monologues.","one-man play [accept reasonable descriptions that mention having only a single performer ] (MGS)","3"
"Name this 1932 modification to the Michelson–Morley experiment. It showed that the speed of light is independent of a reference frame’s velocity and indirectly verified time dilation.","Kennedy–Thorndike experiment","Like the Michelson–Morley experiment, the results of the Kennedy–Thorndike experiment were inconsistent with the existence of this hypothetical medium through which light was once thought to travel.","luminiferous a ether","The Ives–Stilwell experiment yielded more direct evidence of time dilation by measuring a transverse type of this effect. This shift in the frequency of a traveling wave is demonstrated by the pitch of a passing vehicle’s siren.","Doppler effect [accept Doppler shift or transverse Doppler effect] (HK)","3"
"This founding member of the Négritude movement reimagined Shakespeare’s Tempest in Une tempête , which recenters the narrative on Caliban and Ariel, the original inhabitants of the island Prospero later took over.","Aimé Césaire [or Aimé Fernand David Césaire ]","In a more distant echo of Homer’s Odyssey and Iliad , this author’s Omeros depicts Hector and Achille’s competition for Helen. He also wrote “A Far Cry from Africa.”","Derek (Alton) Walcott","Jean Rhys’ Wide Sargasso Sea reimagines the story of Bertha Mason, “the madwoman in the attic” from this Charlotte Brontë novel. This novel’s title protagonist ultimately tells readers she married Mr. Rochester.","Jane Eyre (HK)","3"
"Name this gaseous plant hormone with formula C 2 H 4 , whose effects include promotion of leaf abscission and fruit ripening.","ethylene [or ethene ]","Ethylene also promotes this cellular state characterized by the loss of the ability to divide, explaining why cut flowers come with salts that inhibit ethylene production. Shortening of telomeres also induces this phenomenon.","cellular senescence [prompt on aging ]","Independent of telomere length, cells senesce when they detect accumulated oxidative damage by this group of compounds including superoxides and peroxides. These compounds are implicated in aging.","reactive oxygen species [or ROS ; prompt on free radical s] (HK)","3"
"Name this northeastern city now nicknamed “Brazilian Venice,” an early slave port in the New World as the capital of Dutch Brazil. The Portuguese expelled its Jewish community, the first in the Americas.","Recife [accept Mauritsstad ]","Slavery was abolished in Brazil only after it passed the Golden Law in 1888 under this last Brazilian emperor, who was overthrown the following year by disaffected army officers despite his great popularity.","Pedro II [prompt on Pedro ]","This crop was the primary one grown by slaves in Brazil as well as the Caribbean, and Brazil remains its largest producer in the world today. It was sold in namesake “loaves” after molasses was removed during refinement.","sugar cane (MGS) Tiebreaker This character opens Act 1 by declaring “Good morning to the day; and next, my gold.” For 10 points each:","3"
"Name this privateer who sacked Panama City in 1671. He earlier looted two ports on Lake Maracaibo and escaped the Spanish fleet blocking the strait by pretending he would attack it by land.","Henry Morgan","Morgan’s activities occurred in this period of English history following the Interregnum. It is generally said to have lasted until the 1680s.","Restoration","Morgan was greeted in London by Charles II, who restored the monarchy two years after this commander’s death. This commander led the parliamentary faction’s New Model Army during the English Civil War.","Oliver Cromwell (DM)","4"
"Name this figure who appears in a whirlwind to interrogate a man whose children had earlier died when their house collapsed in a storm.","God [or the Lord ; or Elohim ; or Adonai ; or Jehovah ; or Yahweh ]","God addresses this man from Uz. This man, who names a book of the Old Testament, demands a chance to “present [his] case” to God after losing his livestock, children, and health due to a bet between God and Satan.","Job [or Iyyob ]","God mocks Job by asking if he can capture this creature with a fishhook. Earlier, Job asks those who are “ready to rouse up” this sea monster to curse the day of Job’s birth.","Leviathan (DS)","4"
"Name these creatures. In indigenous myths, these creatures can become beautiful people who seduce and impregnate unsuspecting humans but have to wear a hat to hide the evidence of their true forms.","Amazon river dolphin s [or boto s; or bufeo s; or encantado s ; or I nia geoffrensis ; prompt on pink river dolphin s or river dolphin s by asking “native to what river?”]","As apex predators, botos feed even on the red-bellied species of these fish with razor-sharp teeth. Though they are formidable predators, legends about these fishes’ vicious attacks tearing apart humans might be overblown.","red-bellied piranha s [or piraña s; or P ygocentrus nattereri ]","While named for the Amazon river, botos can be found in a number of other South American rivers, including this one which flows from the Guianan highlands through Venezuela, emptying into the Gulf of Paría.","Orinoco River [or Río Orinoco ] (HK)","4"
"Give this London structure, which also appears against green and blue buildings and a pink sky in a colorful André Derain painting.","Charing Cross Bridge","This Impressionist created multiple depictions of Charing Cross Bridge, though he may be better known for painted series depicting haystacks and the Rouen Cathedral at different times of day.","Claude Monet [or Oscar-Clade Monet ]","Monet painted his series of water lilies, often paired with a Japanese footbridge, from his garden at this French village.","Giverny (SL)","4"
"Name this Roman emperor who is “gourdified,” rather than deified, after death in a satire attributed to Seneca the Younger.","Claudius [or Tiberius Claudius Caesar Augustus Germanicus]","More famous examples of Roman satire were written by this poet. He asked “who watches the watchmen?” in his sixth Satire , which is largely a misogynistic tirade against women.","Juvenal [or Decimus Junius Juvenal is]","Juvenal’s tenth Satire gives a list of things that one should ask for in life, including that one should desire a “sound [this thing] in a sound body.”","“sound mind in a sound body” [or “ mens sana in corpore sano”] (DS)","4"
"Name these all-or-nothing events that begin with the depolarization of the cell membrane and are followed by an absolute refractory period.","action potential s","Hodgkin and Huxley used namesake giant axons from these animals to develop their model. While humans use myelin to increase signal propagation speed, these animals rely on a massive axonal cross-sectional area instead.","longfin inshore squid [or Loligo forbesii ; or Doryteuthis pealeii ; or Loligo pealeii ; accept squid giant axon ]","While action potentials are most often studied in neurons, specialized pacemaker potentials also play an important role in the rhythmic muscle contraction and relaxation that allows this organ to pump blood.","heart (HK)","4"
"Name this womanist author of “The Master’s Tools Will Never Dismantle the Master’s House,” which is included in her collection Sister Outsider . This Black lesbian poet also wrote The Cancer Journals .","Audre Lorde [or Audrey Geraldine Lorde ]","This other author is credited with coining the term “womanism” in her short story “Coming Apart.” She also wrote a novel in which Celie writes letters to God and falls in love with Shug Avery.","Alice Walker [or Alice Malsenior Tallulah-Kate Walker ]","The aforementioned novel by Alice Walker is titled for this color. In a different essay, Walker says that “Womanism is to feminism as [this color] is to lavender.”","purple [accept The Color Purple ] (HK)","4"
"Name this director whose other works include one inspired by his opposition to the U.S.’ invasion of Iraq. That one of his works features Sophie, who is cursed by a witch and meets a fire demon bound to a magical palace.","Hayao Miyazaki [accept names in either order]","Miyazaki is one of the co-founders of this film studio, under whose label his works Spirited Away and Howl’s Moving Castle were released.","Studio Ghibli [or Kabushiki-gaisha Sutajio Jiburi ]","Another Ghibli film directed by Miyazaki is titled for Satsuki and Mei’s neighbor, this adorably furry grey-and-white creature who may actually be a kami .","Totoro [accept My Neighbor Totoro or Tonari no Totoro ] (HK)","4"
"Name these devices that filter out all light waves not oscillating in a certain direction. Sunglasses that act as these devices can decrease glare from roads, but may make it difficult to see LCD screens.","polarizer s [or polarizing sunglasses; prompt on polarization ]","A quarter-wave plate converts linear polarization into this other type of polarization, whose two components are separated by a 90-degree phase shift. Its electromagnetic field has fixed magnitude and rotates at a constant rate.","circular polarization [prompt on, but do NOT otherwise reveal, elliptical polarization]","In the most general case, the field of polarized light traces out one of these shapes in the plane of polarization. For any point on this oval-like shape, the sum of distances to its two focal points is fixed.","ellipse [accept elliptical polarization] (DM)","4"
"Count Almaviva pretends to be a drunken soldier to enter his love Rosina’s home in this opera. The title character of this opera by Gioachino Rossini jubilantly repeats his own name, Figaro, in “Largo al Factotum.”","The Barber of Seville [or Il barbiere di Siviglia ]","The peasant Nemorino rashly signs an army contract to buy more of the title potion in Donizetti’s The Elixir of Love , and sings this act II aria upon seeing a tear in his love Adina’s eyes: apparent proof the elixir has worked.","“ Una furtiva lagrima ”","The maid Despina sings the aria “In uomini, in soldati” advising her mistresses to cheat on their soldier fiances in this Mozart opera. They refuse, but are eventually seduced by the officers in disguise.","Cosi Fan Tutte , ossia La scuola degli amanti [or Thus Do They All ; or The School for Lovers ; or similar translations] (DS)","4"
"Name this commander who was mortally wounded during a charge at the Battle of Savannah. He led a series of important military reforms alongside Michael Kovats.","Casimir Pulaski [or Kazimierz Michał Władysław Wiktor Pułaski ]","This Prussian general, another of the foreigners who aided the colonists during the war, authored the “Blue Book” to teach his soldiers military drills at their winter camp of Valley Forge.","Baron von Steuben [or Friedrich Wilhelm August Heinrich Ferdinand von Steuben ]","This French general fought at the Battle of the Brandywine, where he was wounded. This marquis , called the “hero of two worlds,” helped corner Cornwallis at Yorktown.","Marquis de Lafayette [or Marie-Joseph Paul Yves Roch Gilbert du Motier ] (VS)","4"
"Name this weapon, whose scabbard can prevent blood loss when the wielder is wounded. This weapon is not the same as the Sword in the Stone, though both swords are wielded by King Arthur.","Excalibur [accept Caliburn us]","The magic sword Durendal was owned by this other hero, who attempted to destroy it rather than surrender it to the invading Saracens in his namesake song.","Roland [or Orlando ]","While Durendal proved indestructible, this sword was broken by Odin to cause Siegmund’s death. Sigurd reforges the pieces of this sword, which Odin had earlier thrust into the tree Barnstokkr.","Gram r [accept Balmung ] (MGS)","4"
"Name this Ionian Greek city. This city’s namesake school of philosophy included Anaximander, who believed that the universe’s first principle was apeiron , and another thinker who claimed that everything came from water.","Miletus [accept Milesian school]","Water is the origin of all substances according to this Milesian school philosopher, who is credited with being the first to predict a solar eclipse and with being the first Greek philosopher.","Thales of Miletus","Thales is also credited with discovering a namesake theorem in this mathematical field. Euclid’s Elements introduced many core axioms of this field, which is concerned with the properties of spaces.","geometry (DM)","4"
"Name this collection of one hundred tales told by ten Florentine friends taking shelter from the Black Death, written by Giovanni Boccaccio.","The Decameron , or Prince Galehaut [or Il Decamerone : Prencipe Galeotto ]","The Decameron ’s prologue announces Boccaccio’s intent to “repair the omissions of Fortune” by entertaining these people. He later wrote a book On Famous examples of these people.","women [or ladies ; accept equivalents; accept De Claris Mulieribus ]","This author’s Book of the City of Ladies replies to misogynistic depictions of women and is mostly sourced from On Famous Women . She also adapts the stories of Ghismonda and Lisabetta from the Decameron .","Christine de Pizan [or Cristina da Pizzano ] (DS)","4"
"Name this composer, who quoted folk songs like “I have a coin and I want a drink” and “Wow the wolf is eating me” and incorporated traditional dances like the hora in his Romanian Rhapsodies .","George Enescu","This man imitated fluttering birds in the first of Deux L égendes inspired by St. Francis of Assisi and St. Francis of Paola . This man’s “Dance in the Village Inn” was the first of four pieces inspired by Nikolaus Lenau’s Faust .","Franz Liszt [or Liszt Ferenc]","This country’s Henryk Wieniawski [“vyeh-NYAV-skee”] composed his L égende as a violin showpiece. Krzysztof [“KSHISH-toff”] Penderecki [“pen-duh-RETS-kee”] composed a requiem for this country commissioned by Solidarity.","Poland [or Republic of Poland ; or Rzeczpospolita Polska ] (AY)","4"
"Name these devices used in many chemistry labs to heat up reaction flasks. They are safer than Bunsen burners, since they do not feature an open flame.","hot plate s","A hot plate might be used to boil a liquid mixture in this lab procedure that separates the mixture’s components by boiling point. This procedure is carried out cyclically in its “fractional” form.","distillation [accept fractional distillation ]","These porous solid objects, often made of silicon carbide, are added to a heated flask to provide nucleation sites and reduce the formation of large gas bubbles, which may lead to violent “bumping.”","boiling chip s [or boiling stone s] (MP)","4"
"The Biedermeier style was centered around this empire, which Chancellor Metternich governed from its capital at Vienna.","Austria n Empire [do NOT accept or prompt on “Austria-Hungary”]","The Biedermeier period was also characterized by the rise of anti-liberal censorship, which Metternich began in Austria with this legislation. Its pretext was the murder of conservative August von Kotzebue [“COT-seh-boo”] by a liberal student.","Carlsbad Decrees","The Biedermeier Period ended in this year, during which Metternich fled to England after the March Revolutions. Lajos [“LAI-ohsh”] Kossuth [“KOSH-oot”] led the Hungarian Revolution in this year to try to gain independence from Austria.","1848 [prompt on ‘ 48 ] (DM)","4"
"Name this phenomenon that occurs when charged particles move faster than the speed of light in a given medium. This phenomenon named for a Soviet physicist produces the blue glow of the water of a nuclear reactor.","Cherenkov radiation [or Cherenkov effect]","The Cherenkov effect is also used by observatories to detect emissions in this region of the spectrum. This type of radiation has the highest energy level in the electromagnetic spectrum, above x-rays.","gamma rays [or gamma -ray bursts]","In 2018, an active galactic nucleus of this type was located using Cherenkov radiation for the first time. These objects are defined as quasars whose relativistic jets point directly at Earth.","blazar s [prompt on quasar s] (MGS)","4"
"Name this poem which includes the refrain “Come buy, come buy.” In this poem, a girl is warned about the fate of Jeanie and drinks juices off of her sister.","“ Goblin Market ”","This poet of “Goblin Market” scorned a would-be suitor in another poem, telling him “Here's friendship for you if you like; but love,— / No, thank you, John.”","C hristina (Georgina) Rossetti [prompt on Rossetti ]","Christina Rossetti was photographed with her artist brother Dante by this photographer. This author incorporated his love of logic into Alice’s Adventures in Wonderland.","Lewis Carroll [or Charles Lutwidge Dodgson ] (HK)","4"
"The Okmok II eruption of 43 BCE disrupted the Indian Ocean ITCZ and therefore the flood cycle of this river. The ensuing upheaval helped destabilize the Ptolemaic Dynasty, which was based on this river.","Nile River [accept Blue Nile ; do NOT accept or prompt on “White Nile”]","The climate events of 1816, often known as the Year Without a Summer, have been tied to the 1815 eruption of this Indonesian stratovolcano, the largest eruption of the Holocene.","Mount Tambora [or Tomboro ]","The Laki eruptions in Iceland, occurring over eight months between 1783 and 1784, led to widespread failed harvests throughout Europe for years and hence possibly contributed to this event in 1789 that overthrew Louis XVI.","French Revolution (JS) Tiebreaker Answer the following about dipoles [“DY-poles”] , for 10 points each.","4"
"Name this war in which Frederick the Great conquered Silesia from the Habsburg Empire. It was resolved by the Treaty of Aix-la-Chapelle [“ex-lah-sha-pell”] in 1748.","War of the Austrian Succession","In the War of the Austrian Succession, Frederick II sought to enlarge the territory of this realm that he ruled. This kingdom eventually became the core of the German Empire.","Prussia [or Kingdom of Prussia ; or Königreich Preussen ]","The changing interests of Britain, France, Prussia, and Austria as a result of the war caused this event, a swapping of traditional alliances.","Diplomatic Revolution of 1756 (LL)","5"
"Name this country. Amy Beach’s Gaelic Symphony was the first published by a woman from this country. Another composer from this country called for a “ragtime war” between two pianos in his Central Park in the Dark .","United States of America [or U.S. ; or USA ; accept America ]","This city’s symphony orchestra premiered Beach’s Gaelic Symphony . Serge Koussevitsky and Seiji Ozawa served as music directors of that orchestra, and this city is also home to an orchestra specializing in popular music.","Boston [accept Boston Symphony Orchestra or Boston Pops]","Gaelic Symphony borrows from “Dark is the Night,” one of Beach’s works in this genre. Barber composed Hermit examples of these works, and one by Ives sets “General William Booth Enters Into Heaven” to music.","song s [accept art song or song cycle] (AY)","5"
"Name this physicist, who inspired a generation of biologists to investigate biophysics with his 1944 book, What Is Life?","Erwin Schrödinger [or Erwin Rudolf Josef Alexander Schrödinger ]","In What Is Life? , Schrödinger theorized that genetic information was encoded in an “aperiodic” one of these usually-periodic structures. Defects in these structures include dislocations and grain boundaries.","crystal s [accept aperiodic crystal s; prompt on lattice s; prompt on solid s]","What Is Life? also addresses the fact that life arises despite the universe’s trend towards maximal entropy, noting that the biosphere is an open system, since this astronomical body provides a constant stream of light energy.","Sun (DM)","5"
"Name these ghostly lights which appear above bogs and marshes of the British Isles to mislead travelers. Some origin myths hold that they are lantern-bearing souls of wicked men doomed to wander the earth for eternity.","will-o’ -the- wisp s [or ignis fatuus or jack-o’-lantern s; or friar’s lantern s; or hinkypunk s; or hobby lantern s; or pixy light s]","The ghostly lights of Japanese funayurei appear over this location on rainy days or new moons. Ryujin, a Shinto ruler of this location, owns a set of jewels that control its tides.","the sea [or ocean s; accept any reasonable equivalent]","In Finnish legends, the Aarnivalkea are lights that mark hidden stores of this substance belonging to fairies. The bristles of Frey’s boar, Gullinbursti, are made of this substance.","gold [accept Gold en Age; prompt on treasure ] (HK)","5"
"Give this year in which an inebriated Union general “sadly…unbuckled his sword” in surrender in the alternate history story “If Grant Had Been Drinking at Appomattox.”","1865 [prompt on ‘ 65 ]","This author wrote “If Grant Had Been Drinking at Appomattox.” Mr. Martin pretends to be “coked to the gills” during a fake murder plot to get Mrs. Barrows fired in this author’s story “The Catbird Seat.”","James (Grover) Thurber","This Brit wrote the oddly-titled alternate history story “If Lee Had NOT Won the Battle of Gettysburg.” He won the 1953 Nobel Prize in Literature for “brilliant oratory” and works like A History of the English-Speaking Peoples .","Winston Churchill [or Winston Leonard Spencer Churchill ] (DS)","5"
"Identify this species of wild cat, which is native to Eurasia and has a short tail and spotted reddish-brown fur. It shares its genus with the bobcat that is native to the Americas.","Eurasian lynx [or Lynx lynx ]","One of the largest populations of lynx in the Balkans is found in this European country, whose Mount Dinara names the Dinaric Alps. It contains the Dalmatian Coast on the Adriatic Sea.","Croatia [or Republic of Croatia ; or Republika Hrvatska ]","Most of the lynx in Croatia are found in Plitvice [“plit-wit-seh”] Lakes National Park, which is near the border with this other Balkan country whose capital is Sarajevo.","Bosnia and Herzegovina [or Bosna i Hercegovina] (DR)","5"
"This film revolves around a pill that gives its users superpowers for five minutes. A drug dealer, a cop, and a former soldier team up in this film to stop nefarious agents from distributing the pill.","Project Power","The protagonist of Project Power is Art, a former soldier on a quest to save his daughter. Art is played by this man, who also played the title role in Django Unchained .","Jamie Foxx [or Eric Marlon Bishop ]","Jamie Foxx has also played the supervillain Electro, a role he will be reprising in a 2021 film. Electro opposes this superhero, who has been played on the big screen by Tobey Maguire, Andrew Garfield and Tom Holland.","Spider-Man (ZA)","5"
"Name this figure, whom Albrecht Durer painted in the Wilderness . Durer also depicted this saint in his study while a lion and dog sleep in the foreground.","Saint Jerome","In a less peaceful instance of slumber, this Henry Fuseli painting depicts a disembodied horse’s head emerging from red curtains as an incubus sits on a sleeping woman’s chest.","The Nightmare","The sleep of this faculty titles a Goya aquatint from Los Caprichos that depicts the artist himself slumped over at his desk and surrounded by bats and owls.","Reason [or razón ; accept The Sleep of Reason Produces Monsters or El sueño de la razón produce monstruos ] (SL)","5"
"Name this disorder which comes in restricting and binging/purging subtypes. Unlike a similar disorder, this disorder’s severity is not characterized by frequency of compensatory behavior.","anorexia nervosa [prompt on eating disorder s or disordered eating ; do NOT accept or prompt on “bulimia nervosa”]","Some scholarship on eating disorders has concluded that while anorexia nervosa probably isn’t this type of condition, bulimia nervosa is. These conditions like latah and taijin kyofusho are only found in specific societies.","culture-bound syndrome [or culture-specific syndrome; accept equivalents for “syndrome”]","The study of cultural idioms of distress is one focus of the medical subfield of this broader “study of man” practiced by Margaret Mead, Ruth Benedict, and Zora Neale Hurston.","medical anthropology (HK)","5"
"Name this first head of the Communist International. He had earlier tried to stop the October Revolution to allow other socialist parties a voice.","Grigory Yevseyevich Zinoviev","Zinoviev was the purported author of a forged letter in support of the UK’s first Labour government. That government was led by Ramsay MacDonald for nine months during this decade.","1920s [prompt on 20s ]","Macdonald’s first government was removed in a decisive victory by this party, aided both by the Zinoviev Letter and the complete collapse of the Liberal Party. This party currently controls the British Parliament.","Conservative Party [accept Tory Party or Tories ] (DM)","5"
"The Oulipo was founded by writers and mathematicians from this country. The artist Marcel Duchamp, an early member of the Oulipo, was also from this country.","France","While not French, this author joined the group in 1968. Works by him like Invisible Cities show adherence to mathematical patterns, a common Oulipo form.","Italo Calvino [or Italo Giovanni Calvino Mameli]","Georges Perec’s Oulipo novel La disparition , translated into English as A Void , is best known for having this specific characteristic. Lipograms are works with a more general version of this trait.","it doesn’t have the letter e [or descriptive equivalents; prompt on less specific answers like missing a letter ] (MGS)","5"
"Name this Christian missionary who was arrested in 1830 by state militia for living on Native American lands in violation of statute. He was defended in court by William Wirt.","Samuel (Austin) Worcester","Worcester was a missionary among the Cherokee, who had earlier helped Andrew Jackson attack the “Red Stick” faction of this Native American tribe. This tribe’s resistance ended after the Battle of Horseshoe Bend.","Creek War","Later, members of both the Cherokee and Creek tribes were forcibly moved westward to Oklahoma in this decade-long event.","Trail of Tears (VS)","5"
"Name these kinds of mutant alleles whose gene products react antagonistically with the gene product of the wildtype.","dominant negative mutations [or antimorph ic mutations]","Dominant negative mutations, like those of this tumor suppressor gene named for its molecular weight, often result in cancer. Mdm2 negatively regulates this “guardian of the genome.”","tumor protein p53 [or tp53 ]","Unlike p53 mutations, loss of function mutations associated with cancers tend to be inherited in this other way. Unlike dominant mutations, two copies of these mutations must be present in order for them to be expressed.","recessive mutations (HK)","5"
"Name this holiday which commemorates Moses receiving Jewish scripture at Mt. Sinai.","Shavuot [accept Feast of Weeks or Pentecost ]","Shavuot is one of a group of Jewish holidays, along with Pesach and Sukkot, which required ancient Israelites to perform this action. Following the destruction of the Second Temple, this action is no longer obligatory.","making a pilgrimage [prompt on descriptions of traveling to Jerusalem or traveling to the Temple ]","Diaspora Jews may spend all night studying this text on Shavuot instead of making a pilgrimage. Today, a child’s bar or bat mitzvah is typically the first time they read this sacred text before the congregation.","Torah (DR)","5"
"Name this author of a poem about “Foolish men who accuse women without reason.” This philosopher, composer, and nun also wrote a poem called “First Dream.”","Sor Juana Inés de la Cruz [accept either underlined portion; prompt on partial answer; accept Juana Inés de Asbaje y Ramírez de Santillana]","While Sor Juana is sometimes known as the Phoenix of Mexico, she’s better known by this nickname. A much earlier poet with this epithet wrote a hymn to a “deathless” figure “of spangled mind.”","tenth muse [or la décima musa ; prompt on muse ]","Anne Carson’s collection If Not, Winter translates and adapts surviving fragments by this original tenth muse from Lesbos. This woman wrote the aforementioned “Hymn to Aphrodite.”","Sappho (HK)","5"
"Name this actor, who portrayed the boxer Jake La Motta in Raging Bull . This actor repeats the line “You talkin’ to me?” while looking into the mirror in Taxi Driver .","Robert De Niro [or Robert Anthony De Niro Jr.]","This Italian-American director of Raging Bull and Taxi Driver frequently collaborated with Robert De Niro.","Martin (Charles) Scorsese","In the final scene of Raging Bull , De Niro delivers his “I coulda been a contender” monologue, quoting from this 1954 Elia Kazan crime film that stars Marlon Brando and was scored by Leonard Bernstein.","On the Waterfront (JR)","5"
"Nebulium was the name given to the elemental source of an unknown one of these entities emitted by the Cat’s Eye Nebula. These features are used to determine the chemical composition of astronomical objects, such as by observing the characteristic “yellow doublet” of sodium.","spectra l lines [accept spectrum s or spectra ; prompt on emission lines or absorbance lines]","Nebulium’s spectral lines were emission lines of this color. The Milky Way lies in the “valley” of this color that is at the center of a galaxy color-magnitude diagram.","green","Nebulium turned out to be the doubly ionized form of this element. This element names a stellar fusion cycle along with carbon and nitrogen, its immediate predecessors on the periodic table.","oxygen [accept O III; prompt on CNO cycle] (DM)","5"
"Name this literary genre that Pamela Sargent, another of its authors, dubbed the “literature of ideas.” Mary Shelley’s Frankenstein is an early work in this genre, which is often contrasted with fantasy.","science fiction [or sci-fi ; prompt on utopian fiction or speculative fiction]","Sci-fi can be separated into these two categories by realism, often typified by Larry Niven versus Ursula K. Le Guin. In fantasy, these two adjectives describe “magic systems” that are either vague, or with clear rules and limits.","soft AND hard [accept in either order; prompt on partial answers]","Sci-fi critics often use this name for the 1930s-1940s era dominated by hard science fiction. During this period, John Campbell launched the careers of Asimov and Heinlein while editing Astounding Science Fiction.","Golden Age of Science Fiction (MGS)","5"
"Name this 19th-century diplomatic and political conflict that resulted in the creation of the Wakhan Corridor and the Durand Line on the northern border of British India.","Great Game [prompt on, but do NOT reveal, answers that mention Russia invading Afghanistan or Britain invading Afghanistan by asking “what broader conflict was that was part of?”; do NOT accept or prompt on “the Soviet Union invading Afghanistan” or equivalents]","This modern-day country was the territory contested by Britain and Russia during the Great Game. In 1979 the Russian Empire’s successor state would go on to invade this country with capital at Kabul.","Islamic Republic of Afghanistan [or Jomhūrī-ye Eslāmī-ye Afgānestān ; or Da Afgānistān Islāmī Jumhuriyat]","One cartoon depiction of the Great Game reads “Save me from my friends,” and shows Afghanistan’s Sher Ali Khan boxed in by the British lion on one side and this other animal representing Russia to the other.","bear [accept Russian bear or Eurasian brown bear ] (HK)","5"
"VSEPR predicts that a compound adopts this molecular geometry when a central atom is bonded to two other atoms and has two lone pairs.","bent molecular geometry","Bent molecules like water often have this property, in which an electronegativity difference makes one end slightly positive and the other slightly negative. Molecules with this property are often hydrophilic.","polarity [accept polar molecules]","A set of five electron pairs will include two in axial positions and three in positions known by this word. This word and “axial” also identify the two inequivalent hydrogen positions on cyclohexane.","equatorial positions (MP) Tiebreaker William Webb postulated that the purpose of bannerstones was to improve the efficiency of atlatls. For 10 points each:","5"
