"bonus part 1 question","bonus part 1 answer","bonus part 2 question","bonus part 2 answer","bonus part 3 question","bonus part 3 answer"
"Name this belief established by Alexander Stephens and supported by the Dunning School which presents the Confederacy as a “heroic defender” against Northern Aggression during the Civil War.","Lost Cause of the Confederacy","Lost Cause supporters point to this scorched earth campaign as Northern Aggression. Savannah, Georgia was presented as a “Christmas gift” at the end of this 1864 campaign across Georgia led by William Tecumseh Sherman.","Sherman’s March to the Sea [prompt on Sherman’s March]","Thomas Dixon Jr. advanced the Lost Cause with a book trilogy glorifying this organization that was adapted into the film Birth of a Nation. Nathan Bedford Forrest founded this white supremacist organization.","Ku Klux Klan [or the KKK; prompt on the Klan] <American History — Ganon Evans> [Ed. Louis Li]"
"Crinoids are members of this invertebrate phylum whose name means “rough-skinned.” Its other members include starfish and sea cucumbers.","echinoderms [ih-KAI-noh-dermz] [or Echinodermata]","Crinoid biodiversity sharply decreased following the mass extinction at the end of this geologic period, which killed 95 percent of all species and marked the end of the Paleozoic era.","Permian period","Crinoid fossils are made of this metal’s carbonate [CAR-buh-nayt], which is also used by corals to build their skeletons.","calcium [or Ca] <Biology — June Yin> [Ed.]"
"Name this author of the story “Bliss,” who described Laura breaking down and repeating “isn’t life—” after she delivers a basket of leftovers to the late Mr. Scott’s house in another story.","Katherine Mansfield","Mansfield was from this country. In her story “How Pearl Button Was Kidnapped,” she describes two women belonging to this country’s indigenous Māori population taking a little girl to the sea for the first time.","New Zealand [or Aotearoa]","Mansfield wrote her story “Prelude” after this author asked her for material for the Hogarth Press. The title character sleeps with Elizabeth I and wakes up as a woman in this author’s novel Orlando: A Biography.","Virginia Woolf <Mixed Literature — Rachel Ezrielev> [Ed. Joel Miles]"
"Name these things that were found to depend on environmental cues, causing people to misattribute and mislabel them. Alexithymia [uh-LEX-ih-THY-mee-uh] is the inability to identify these things.","emotions [or feelings]","In one study, participants were more likely to find a woman attractive if they met her while walking across a suspension bridge because of the misattribution of this emotion. Horror movies tend to cause this emotion.","fear [or being scared; accept synonyms]","Some researchers believe that a “normative” type of alexithymia appears more often in these people. A “toxic” form of a certain trait can cause these people to be more susceptible to depression and substance abuse.","males [or men; accept word forms such as being a man; prompt on toxic masculinity] <Social Science — Joy An> [Ed. Ganon Evans]"
"Name this Italian sports car manufacturer whose logo features a prancing horse. Ford’s attempt to defeat this manufacturer at the 1966 24 Hours of Le Mans was chronicled in a 2019 film starring Matt Damon.","Ferrari [accept Scuderia Ferrari or Ford v Ferrari]","Recent Formula One seasons have featured title battles between Ferrari and this German constructor, which Lewis Hamilton won six championships driving for. This manufacturer’s teams are nicknamed the “silver arrows.”","Mercedes-Benz [accept Mercedes-AMG Petronas]","Between 2010 and 2014, this Spanish driver drove for Ferrari, having previously won two championships with Renault [renn-oh]. This driver has entered the Indianapolis 500 three times, shockingly failing to qualify in 2019.","Fernando Alonso Diaz <Popular Culture — Joel Miles> [Ed. Ganon Evans]"
"Name this aria delivered by Prince Calaf about a princess who has three riddles. This aria ends with the word “Vincerò” sustained on B then up a note to A.","“Nessun Dorma”","“Nessun Dorma” appears in Turandot, an opera by this composer of La Bohème and Madame Butterfly.","Giacomo Puccini","This opera singer’s last performance was “Nessun Dorma.” This singer was nicknamed for his ability to handle the high C’s in La Fille du Regiment and formed the Three Tenors with Placido Domingo and José Carreras.","Luciano Pavarotti <Other Fine Arts — Ganon Evans> [Ed.]"
"Erasing the memories of people sometimes meant re-arranging homes to disrupt the technique of “memory palaces” illustrated by this man in De Oratore. Mark Antony’s wife Fulvia stabbed the tongue of this master orator.","Cicero","Erasing the images of governors or emperors was often difficult because they appeared on these objects like the denarius or libra. These objects were commonly minted in silver and used to purchase in Roman forums.","coins","After burying the Vestal Virgin Cornelia alive amongst other cruel acts, this dynasty’s last member Domitian was subject to a damnatio memoriae. This dynasty arose under Vespasian after the Year of the Four Emperors.","Flavian dynasty <European History — Ganon Evans> [Ed. Louis Li]"
"Compared to ordinary matter, antimatter particles have the opposite value of this quantity measured in coulombs.","electric charge","This antimatter particle, whose charge is plus-one, is the counterpart to an electron. One of these particles is emitted in beta-plus decay.","positrons [prompt on antielectrons]","Antimatter was first imagined by this physicist, who thought of positrons as “holes” in a space-filling “sea” of neutral particles. This Englishman’s namesake equation describes the wavefunction of spin one-half particles.","Paul Dirac [dih-RAK] [accept Dirac sea or Dirac equation] <Physics — June Yin> [Ed.]"
"Name this poet who wrote about “maggie and milly and molly and may” in one poem. Another work by this poet describes how “anyone lived in a pretty how town… with up so floating many bells down.”","e.e. cummings [or edward estlin cummings]","In “maggie and milly and molly and may,” “may [comes] home with a smooth round stone as small as a world and as large as alone” from this place. The poem ends with the line “it’s always ourselves we find in [this place].”","the sea [or the ocean; accept the beach or shoreline or coast]","cummings largely did not use letters with this property in his poems, including in the names of maggie, milly, molly, and may. The first letter of a sentence or a name generally has this property.","capitalized letters [or uppercase letters or capitalization] <Poetry — Joy An> [Ed. Joel Miles]"
"Ino was the daughter of Harmonia and this founder of Thebes. This hero earned the ire of Ares after killing a sacred dragon and sowing its teeth.","Cadmus","Ino appears to this hero and guides him to the island of Corfu. This hero struggles to return home to Ithaca and his wife Penelope after the Trojan War.","Odysseus [or Ulysses]","Ino is said to be the ancestor of several members of this group. The rituals of this group often climaxed with the rites of sparagmos [spah-rag-moes] and omophagia [oh-moe-fah-gee-ah], or tearing apart a living thing and eating its flesh raw.","maenads [or Bacchae or Bassarids or Bacchantes; prompt on Thiasus] <Mythology — Joy An> [Ed. Ganon Evans]"
"Like all ultra-diffuse galaxies, DF2 has an extremely low luminosity and thus emits very little of this phenomenon, which is carried by photons.","light [accept electromagnetic waves or equivalents]","DF2 is a candidate for the first known galaxy with none of this substance. Vera Rubin found evidence for this substance from its gravitational effect on galaxy rotation curves.","dark matter [reject “dark energy”]","DF2 is also known for having an extremely luminous population of these large, spherical star clusters that are rich in Population II [two] stars.","globular [GLOB-yoo-lur] clusters <Astronomy — Joy An> [Ed. June Yin]"
"Ostalgie is nostalgia for things made in this country. The “chemical breakdown” tactics of psychological torture were used by this country’s Stasi secret police.","East Germany [or German Democratic Republic; or GDR; or Deutsche Demokratische Republik; or DDR; reject “West Germany”; reject “Federal Republic of Germany”; reject “Germany” alone]","Ostalgie includes a fondness for one of these products called Vita. In Nazi Germany, a formula for this product called Fanta was created after a trade embargo with Coke.","soda [accept pop; accept Vita Cola]","A caricature of this leader in a straw hat appeared on East German traffic lights and is appreciated by Ostalgie enjoyers. This last head of state of East Germany was depicted kissing Leonid Brezhnev in a Berlin Wall mural.","Erich Honecker <European History — Ganon Evans> [Ed. Louis Li]"
"You might use this flexible electronic instrument championed by Wendy Carlos that creates waveforms and uses filters and envelopes to change its characteristics.","synthesizer [accept specific types of synthesizers such as analog synthesizer or Moog synthesizer]","Like violins, most synthesizers are able to produce sounds with varying levels of this property. This property related to frequency determines how ""low"" or ""high"" a sound is.","pitch","You might use low-frequency oscillations to emulate this effect on a synthesizer. Violinists create this pulsating change in pitch by wobbling their fingers from side to side.","vibrato <Auditory Fine Arts — Vincent Wang> [Ed. Ganon Evans]"
"Name this business model, in which trendy clothing styles are mass-produced and cycled rapidly through retail stores. Brands that follow this business model include Zara and H&M.","fast fashion","Diane von Fürstenberg, Gwen Stefani, and Anna Sui are among the many designers that have sued this fast fashion brand for copying their designs. This brand gives customers bright yellow plastic bags with John 3:16 printed on the bottom.","FOREVER 21","Alternatives to partaking in fast fashion include shopping at these stores that recycle donated clothes. Examples of these stores include Salvation Army and Goodwill.","thrift stores [or thrift shops; or charity shops; or opportunity shops] <Other — Joy An> [Ed. Ganon Evans]"
"Name this man, who refers to his intelligence as his “little grey cells.” In one novel, this character unknowingly encounters the gangster Lanfranco Cassetti.","Hercule Poirot [pwaa-ROH]","In this novel, Poirot solves a murder while stranded in Croatia due to a snowdrift. In this novel, it is determined that all twelve possible suspects in the stabbing of Samuel Ratchett committed the crime.","Murder on the Orient Express","Murder on the Orient Express is a crime novel by this English writer. This prolific murder mystery author also created Miss Marple.","Agatha Christie [or Agatha Mary Clarissa Christie; accept Agatha Mary Clarissa Miller] <Long Fiction — Vik Wei> [Ed. Joel Miles]"
"In contrast to a galvanic cell, an electrolytic cell requires energy to be inputted because the change in this quantity is greater than zero, meaning the reaction is not spontaneous.","Gibbs free energy [prompt on delta G]","The Caster-Kellner process uses electrolysis to isolate sodium and chlorine from salt water, using a cathode of this metal that is liquid at room temperature.","mercury [or Hg]","This English scientist pioneered the use of electrolysis to isolate various metals. This man discovered sodium, potassium, and calcium, among other elements.","(Sir) Humphry Davy <Chemistry — June Yin> [Ed.]"
"Name this archipelago where the spice trade center of Stone Town can be found on Unguja island. This archipelago’s House of Wonders was a palace where Omani sultans ruled over the coast of modern-day Tanzania.","Zanzibar [or Zanjibar]","Down the coast from Zanzibar is this island home to the Malagasy people and the lemur. The Avenue of the Baobabs is also located in this country, which is across the Mozambique Channel from mainland Africa.","Madagascar [or Republic of Madagascar or Republique de Madagascar or Repoblikan'i Madagasikara]","A flaperon from Malaysian Airlines Flight 370 was found on this island, around 400 miles east of Madagascar. This French overseas territory with its capital of Saint-Denis is located near Mauritius.","Réunion Island <Geography — Andrew Gao> [Ed. Ganon Evans]"
"After a 1932 coup in which Phibun came to power in this country governed from Bangkok, he changed its official name from Siam to a name meaning “land of the free.”","Thailand [or Kingdom of Thailand; or Ratcha-anachak Thai]","After a failed monarchist revolt, Phibun installed to the throne a boy studying in Switzerland, Ananda Mahidol, who then gained this regnal name. The current king of Thailand also has this regnal name.","Rama [accept Rama VIII; accept Rama X]","During World War II, Phibun negotiated an alliance with this country, allowing its troops to pass through Thailand during the Burma Campaign.","Japan [or Nihon-koku; or Nippon-koku; or Empire of Japan; or Dai Nippon Teikoku; or Japanese Empire] <World History — June Yin> [Ed. Louis Li]"
"Name this Islamic artform in which a kalam pen is used to create artistic handwriting in ink.","calligraphy [accept word forms like calligraphic writing; prompt on writing alone]","Ilkhanid artists incorporated calligraphy into depictions of the Shahnameh in these artworks. Marginalia and heavy use of gold foil appear in these artworks, which include the Lindisfarne Gospel and Books of Hours.","illuminated manuscripts [prompt on partial answers; prompt on codex , codices , book s or similar answers referring to writing collections]","The calligraphic signature of Syrian artisan ibn al-Zayn appears on a silver object used for this purpose named after Saint Louis. Lorenzo Ghiberti sculpted the Gates of Paradise for a building with this purpose.","baptisms [accept word forms such as baptizing people; accept the Baptistère de Saint Louis; accept the Florence Baptistery; accept the Baptistery of St. John] <Visual Fine Arts — Ganon Evans> [Ed. Gabe Forrest]"
"Name this Old English word. It opens a work that describes the “Spear-Danes in days gone by.”","Hwæt [“wet”]","Seamus Heaney, an author from this country, translated “Hwæt!” as “So!” in his version of Beowulf. Jonathan Swift suggested that residents of this island eat their babies amidst a famine that preceded a potato blight.","Ireland [or Republic of Ireland or Eire]","This author described “Hwæt!” as “a note ‘striking up’ at the beginning of a poem” and translated it as “Lo!” This author of The Silmarillion gave the lecture “Beowulf: the Monsters and the Critics.”","J.R.R. Tolkien [or John Ronald Reuel Tolkien] <Mixed Literature — Joy An> [Ed. Joel Miles]"
"Name this economic crisis that was partially caused by the collapse of the housing bubble. The term “too big to fail” describes bailouts during this crisis.","Great Recession of 2008 [accept the 2007 Recession; accept the 2008 Recession; accept the 2007 Financial Crisis; accept the 2008 Financial Crisis; prompt on a recession or financial crisis with “In what year?”]","In response to the Great Recession, this then-Harvard professor pushed for more bank regulation through the Consumer Financial Protection Bureau. In 2012, this progressive defeated Scott Brown to become a Massachusetts senator.","Elizabeth Warren","This economist was Chair of the Federal Reserve during the Great Recession. This economist promoted quantitative easing and encouraged the Federal Reserve to buy over $500 billion in mortgage-backed securities from banks.","Ben Bernanke [or Ben Shalom Bernanke] <American History — Connor Lee> [Ed. Louis Li]"
"Name this now-bankrupt drug company that pleaded guilty in 2007 to misleading the public about the addictiveness of OxyContin.","Purdue Pharma","Purdue Pharma’s overprescription of OxyContin has contributed to the ongoing “epidemic” related to this pain-relieving class of drugs, which includes heroin and fentanyl.","opioids [accept opioid epidemic]","In May 2022, Illinois Governor J.B. Pritzker signed a bill eliminating co-pays on this opioid antagonist delivered nasally to victims of overdoses. You may give either the drug’s name or the brand name.","naloxone or Narcan <Current Events – Ganon Evans> [Ed. Connor Lee]"
"This medication is made by adding an acetyl [uh-SEE-til] group to salicylic acid. This drug can be used to treat Kawasaki syndrome.","aspirin [prompt on acetylsalicylic acid or ASA]","Salicylic acid can also serve as a precursor to methyl salicylate [suh-LIH-suh-layt], one of these compounds that smells strongly of wintergreen. These derivatives of organic acids often have distinctive fruity smells.","esters [ESS-turz] [accept methyl esters]","In the Fischer esterification of salicylic acid, it is reacted with methanol, the simplest one of these compounds. An –OH group is present in these compounds that include ethanol.","alcohols [accept primary alcohols] <Chemistry — Joy An> [Ed. June Yin]"
"In Franz Kafka’s story “A Hunger Artist,” the title character starves to death in his cage after taking this action for 40 days, after which he is replaced by a panther. This action involves not eating for a prolonged period of time.","fasting","A panther “paces in cramped circles” “like a ritual dance around a center” in a poem by this poet. This poet asked “Who, if I cried out, would hear me among the angelic orders?” in the first of his Duino Elegies.","Rainer Maria Rilke [or René Karl Wilhelm Johann Josef Maria Rilke] [RYE-ner muh-REE-uh RIL-kuh]","Claire Zachanassian arrives with a caged panther that escapes in The Visit, by Friedrich Dürrenmatt, who is from this country. A character who spends seven years in this country notices a humanist’s name contains seven in Italian.","Switzerland [or Swiss Confederation or Schweiz or Suisse or Svizzera or Svizra or Schweizerische Eidgenossenschaft or Confederation Suisse or Confederazione Svizzera or Confederaziun Svizra] (The humanist is Ludovico Settembrini from Thomas Mann’s novel The Magic Mountain.) <Mixed Literature — Andrew Gao> [Ed. Joel Miles]"
"Before her death in the Holocaust, Edith Stein published Finite and Eternal Being, the culmination of her attempt to synthesize phenomenology with the work of this author of the Summa Theologica.","(Saint) Thomas Aquinas [or Doctor Angelicus or Doctor Communis; prompt on Saint Thomas]","This British ethicist was also influenced by Aquinas. This author of the paper “Modern Moral Philosophy” followed Frank Ramsey in translating much of Ludwig Wittgenstein’s [VIT-gun-shtyne’s] work into English while at Cambridge.","G.E.M. Anscombe [or Gertrude Elizabeth Margaret Anscombe or Elizabeth Anscombe]","In a letter to her priest, Simone Weil [vay] wrote that she became a devout Christian while traveling the world in support of this ideology. This political philosophy seeks to abolish the government.","anarchism [accept word forms like anarchy] <Philosophy — Joel Miles> [Ed.]"
"This artist's work Comedian, which consisted of a banana duct-taped to a wall, was eaten by ""hungry artist"" David Datuna. This artist also assembled an 18-karat gold toilet titled America.","Maurizio Cattelan","A Banksy work titled Girl with [this object] was intentionally shredded by its frame after being sold at an auction, after which it was renamed Love is in the Bin.","balloon","Banksy hails from this country. In 2003, Banksy entered its Tate Gallery disguised as a pensioner to display a police-tape-covered landscape painting whose imagery was borrowed from this country’s artist John Constable.","United Kingdom [or Great Britain; or the U.K.; or the United Kingdom of Great Britain and Northern Island; prompt with England with “Can you be less specific?”] <Visual Fine Arts — Vincent Wang> [Ed. Gabe Forrest]"
"Name this author of The Gospel According to Jesus Christ. In another novel by this author, everybody but the doctor’s wife is afflicted with the title plague of Blindness.","José Saramago [or José de Sousa Saramago]","José Saramago was born in this Iberian country. One work by Saramago describes an alternate history of this country in which crusaders did not help capture its city of Lisbon.","Portugal [or the Portuguese Republic or República Portuguesa] (The book is The History of the Siege of Lisbon.)","In this José Saramago novel, the Iberian peninsula breaks off from Europe and floats into the Atlantic Ocean. Characters in this novel include “The King of Starlings,” a girl who finds an endless ball of yarn, and a mute dog.","The Stone Raft [or A Jangada de Pedra] <Long Fiction — Connor Lee> [Ed. Joel Miles]"
"This rainforest has naturally recovered land about the size of the United Kingdom amidst deforestation largely caused by cattle ranchers. This South American rainforest is the largest in the world.","Amazon Rainforest","The Three-North Shelterbelt Program has been an effort to stop the expansion of this desert by planting trees. This desert is home to the endangered Przewalski [per-zhuh-VAL-skee] horse and the brown bear relative of the Mazaalai.","Gobi Desert","The grassroots Green Belt Movement to stop the growth of the Sahara was founded by a person from this country, Wangari Maathai. This country home to the Kikuyu and Luo people is the northernmost country where the Maasai people migrate.","Kenya [or the Republic of Kenya; or Jamhuri ya Kenya] <Geography — Andrew Gao> [Ed. Ganon Evans]"
"Name this region that a leader predicted “some damned fool thing” would come out of in a speech that dubbed this region the “Powder Keg of Europe.”","Balkans [accept Balkan Peninsula]","Calling the Balkans a “powder keg” was one of many quips by this “Iron Chancellor” who plotted the unification of Germany.","Otto von Bismarck","The Balkan League’s attack followed a 1908 revolution by this movement that forced Sultan Abdul Hamid II to restore the Ottoman Constitution. This group perpetrated a genocide that involved many being sent on death marches into the Syrian desert.","Young Turks Movement [or Jöntürkler; accept Committee of Union and Progress or CUP] <European History — Ganon Evans> [Ed. Louis Li]"
"Name this task that is accomplished by Dijkstra’s [DIKE-struh’s] algorithm. The traveling salesman problem is a variation of this task.","pathfinding [accept equivalents like finding the shortest path]","Pathfinding algorithms must be performed on these kinds of graphs, in which each edge of the graph has an associated numerical value.","weighted graphs","Pathfinding algorithms are classified as this general type of algorithm, whose types include binary and linear. Namesake “engines” use these algorithms to return results from the internet.","search [accept search engines] <Vincent Wang — Computer Science> [Ed. Jason Xu]"
"You encounter a family traveling from Nauvoo, Illinois to this territory. Brigham Young allowed polygamy amongst the Mormon settlers he led to this territory.","Utah Territory [accept the State of Deseret]","As you eat some chunky bison soup, you shudder thinking of this 1846 expedition that took the Hastings Cutoff to reach California, but resorted to cannibalism after being trapped in the Sierra Nevada mountains.","Donner Party [or the Donner-Reed Party]","Your wagons are rescued from a river by members of this tribe, who allied with the Arapaho people under leaders like Black Kettle. This tribe names the capital of the state that contains Fort Laramie.","Cheyenne [accept specific branches such as the Northern or Southern Cheyenne; or Tsitsistas; or Tsétsêhéstâhese; or Notameohmésêhese; or Sutaio, or Heévâhetaneo’o] <American History — Ganon Evans> [Ed. Louis Li]"
"Name this poet, who described “a Book of Verses underneath the Bough, a Jug of Wine, a Loaf of Bread–and Thou” in one work.","Omar Khayyam","One poem from Khayyam’s Rubaiyat describes a “potter thumping” some of this substance. Another poem from the Rubaiyat describes being surrounded by “shapes” of this substance, which can be shaped on a pottery wheel.","clay","In a poem from the Rubaiyat, one of these things says, “lo laughing, into the world I blow.” In another poem, one of these objects is cultivated “in June as in January.”","a rose [accept “I Cultivate a White Rose” or ‘Cultivo Una Rosa Blanca”; prompt on “flower”] <Poetry — Joy An> [Ed. Joel Miles]"
"Name these shapes that have only one side. They can be made by twisting a strip of paper and gluing together the ends.","Möbius strips","Möbius strips are some of the non-orientable surfaces studied in this branch of mathematics. This field, loosely the study of shapes, examines properties that are invariant under continuous deformations like stretching and twisting.","topology","This other non-orientable surface is formed by twisting one end of a cylinder inside-out and gluing together the ends. This shape, which cannot be constructed without self-intersection in three dimensions, also only has one side.","Klein bottle <Math — Joy An> [Ed.]"
"Name this profession governed by the WBF whose practitioners follow tips from Lou Ferrigno and Eugene Sandow’s “Grecian Ideal,” as well as the techniques of bulking and cutting.","bodybuilding [accept bodybuilders; prompt on weightlifters or weightlifting]","The documentary Pumping Iron followed this bodybuilder on a quest for a Mr. Olympia title. This actor was elected Governor of California after starring in movies such as The Terminator.","Arnold Schwarzenegger [prompt on Arnold; begrudgingly accept any answers done in a bad accent]","This author judged the first bodybuilding competition in London in 1904. Fans convinced this author to bring back a character who fell off the Reichenbach Falls in the story “The Final Problem.”","(Sir) Arthur Conan Doyle (The character is Sherlock Holmes.) <Other — Ganon Evans> [Ed.]"
"Name this British-Iraqi architect, whose Zaragoza Bridge Pavilion has 26,000 triangular shingles and whose Guangzhou Opera House resembles “two pebbles” being washed away by the Pearl River.","Zaha Hadid","Hadid also designed the London Aquatics Centre, which was the venue for the swimming, diving, and synchronized swimming events in the 2012 edition of this athletic competition.","(2012) Summer Olympics [accept the Olympic Games]","Hadid designed this state’s Contemporary Arts Center. I.M. Pei designed two glass pyramid “tents” for this state's Rock and Roll Hall of Fame.","Ohio [accept OH] <Other Fine Arts — Neal Joshi> [Ed. Ganon Evans]"
"Anthropologists popularized the inaccurate idea that members of what Haitian religion stick pins in dolls?","voodoo [or vodun; or vodoun; accept voodoo dolls]","Offering grilled steak and potatoes catches the attention of this lwa who appears as an old man with a cane, straw hat, and dog. This lwa offers to communicate with spirits at crossroads.","Papa Legba","Communicating with the orisha of love, Oshun, involves leaving offerings at these places. The largest gathering of humans in the world is the Kumbh Mela [cumb MAY-luh], a Hindu pilgrimage to one of these places that has issues with pollution.","rivers [accept streams; prompt on bodies of water; prompt on the Ganges] <Religion — Ganon Evans> [Ed.]"
"Name this instrument, virtuosos for which may study Charles-Louis Hanon's 60 exercises for it or study Muzio Clementi’s sonatinas.","piano [or pianoforte; or concert piano]","Piano players often practice these “broken” chords that are played one note at a time in rising or descending order.","arpeggios [accept an arpeggiated chord]","Piano players also often practice these musical sequences ordered by pitch up and down the piano. Common types of these sequences include chromatic, major, and minor ones.","scales [accept specific types of scales such as the chromatic scale; or the major scale; or the minor scale] <Auditory Fine Arts — Vincent Wang> [Ed. Ganon Evans]"
"Nanni’s complaint about low-quality copper ingots was written in this ancient writing system, which involves pressing cut reeds into clay to make triangle-shaped marks.","cuneiform [koo-NEE-ih-form]","Ea-Nasir hailed from Babylon, a city in this ancient region home to the Assyrians and Sumerians. This region corresponding to modern-day Iraq is named for being between the Tigris and Euphrates rivers.","Mesopotamia [prompt on Fertile Crescent]","The complaint tablet is held by this museum. Activists have increasingly called for this museum to repatriate artifacts like the Elgin Marbles and Easter Island moai [MOH-eye] which were secured under Queen Victoria.","British Museum <World History — Ganon Evans> [ed. Louis Li]"
"In a disorder named for Philippe Gaucher [go-shay], what organelle is defective, causing macrophages to appear like “tissue paper” due to an inability to process the lipid intermediate gluco•cerebro•side?","lysosome","Gaucher’s disease is caused by a defective one of these compounds that degrades glucocerebroside. These compounds act as catalysts in living organisms.","enzymes [accept hydrolases; prompt on proteins]","During this process, protein-degrading enzymes in the lysosome are released into the cytosol. This process of programmed cell death is contrasted with necrosis.","apoptosis <Biology — Braden Booth> [Ed. June Yin]"
"Name this state home to families such as the Snopes and the Bundrens. An author from this state drew detailed maps of Yoknapatawpha [YOK-nah-pa-TAW-phuh] County, a fictional county located in this state.","Mississippi [accept MS]","Yoknapatawpha County is the setting of many novels by this author of Absalom, Absalom! and The Sound and the Fury.","William (Cuthbert) Faulkner","In this Faulkner novel, a bootlegger named Joe Christmas slits a woman’s throat after she tries to force him to pray. The title of this novel refers to the burning of Joanna Burden’s house.","Light in August <Long Fiction — Max Hodes> [Ed. Joel Miles]"
"Name this crop which was stored as molasses or distilled into rum after being harvested in the Caribbean.","sugarcane","Caribbean sugar plantations were centered on these estates that evolved from the encomienda system and bound workers with debt to the land. Hernán Cortés was the first patrón of one of these estates in Oaxaca [wha-HAH-kuh].","haciendas [accept the hacienda system; accept haciendas azucareras]","On this island, the colono sugar farmer class emerged with the opening of its first sugar mill in 1873. Ponce de León was the first governor of this island, which was defended by a fort called El Morro.","Puerto Rico <World History — Ganon Evans> [Ed. Louis Li]"
"Name this city where the painting The Little Street was produced by the artist of The Milkmaid. Peasants stand near herring boats on a riverbank in a landscape of this city.","Delft [accept View of Delft] (The unnamed artist is Jan Vermeer.)","The Virgin Mary watches over two children playing with a goldfinch in one of this artist’s many landscapes with Madonnas. Plato points a finger in the air while walking in this Renaissance artist’s The School of Athens.","Raphael [or Raffaello Sanzio da Urbino]","Paintings of goldfinches appear alongside the now-extinct passenger pigeon and great auk in this French-American naturalist’s collection Birds of America. A modern bird conservation group is named after him.","John James Audubon [accept the Audubon Society] <Visual Fine Arts — Ganon Evans> [Ed. Gabe Forrest]"
"Name this poet who Anne Carson translated in the collection If Not, Winter. This ancient Greek poet from Lesbos described the title “Deathless…child of Zeus” in “Hymn to Aphrodite.”","Sappho of Lesbos","Anne Carson also wrote about the ancient Greeks in one of these works “of Red,” which opens “He came after Homer and before Gertrude Stein,” referencing an author who wrote one of these works about her lesbian lover.","autobiography [or autobiographical; prompt on biography or biographical; accept Autobiography of Red; accept The Autobiography of Alice B. Toklas]","Anne Carson’s “The Glass Essay” details the speaker’s obsession with this author’s use of the word “whacher” [watcher], and describes reading the part in this author's novel Wuthering Heights “where Heathcliff clings at the lattice in the storm.”","Emily Brontë [prompt on Brontë] <Mixed Literature — Rachel Ezrielev> [Ed. Joel Miles]"
"Name these colonial insects of the family Formicidae. They come in several forms including “workers,” “soldiers,” and “queens.”","ants","This group of ants practice highly sophisticated fungal agriculture using three different types of workers. These ants get their common name from slicing apart a certain food source.","leafcutter ants","Other groups of ants perform “dairy farming” by protecting these sap-sucking insects and harvesting their nutrient-rich honeydew secretion.","aphids [or greenflies or blackflies or Aphidoidea] <Biology — June Yin> [Ed.]"
"Name this music theorist who discovered that halving a string raises its pitch by an octave when struck or plucked after listening to a blacksmith’s hammer.","Pythagoras of Samos","Pythagoras established the perfect fifth as an easy base for this activity. This activity can involve modifying string tightness with pegs to match the pitch of a two-pronged fork.","tuning [accept tuning fork]","Ancient Greeks would study and compose songs called teletai based on this figure. An “Infernal Galop” that was adapted into the Can-Can appears in a Jacques Offenbach opera about this figure.","Orpheus [accept Orpheus in the Underworld] <Auditory Fine Arts — Ganon Evans> [Ed.] Note to players: Description acceptable."
"The cardinalities of different infinite sets can be expressed by a sequence of numbers denoted by this letter. The natural numbers have cardinality “this letter”-zero.","aleph","Sets with cardinality aleph-zero, like the integers and the rational numbers, have this property, since they can be mapped one-to-one to the natural numbers.","countable [or countability; or countably infinite]","Cantor’s diagonal argument shows that the set of these numbers is not countable. These numbers return positive values when squared, as opposed to imaginary numbers.","real numbers <Math — Joy An> [Ed.]"
"In the Book of Revelation, John weeps when Jesus opens the scroll of God’s judgment, revealing him as the “Lion” of this tribe. Solomon and David come from this one of the surviving two tribes of Israel.","Tribe of Judah [accept the Lion of Judah; prompt on Judea]","In contrast, Jesus is also known as this gentler animal of God, as he is the perfect and ultimate sacrifice. Isaiah 53 describes a virtuous servant facing his death like one of these animals led to the slaughter.","lamb [accept the Lamb of God; accept sheep]","Another title for Jesus is the Alpha and the Omega, two letters that are inscribed on a candle lit on this holiday. Maundy Thursday in the week preceding this holiday is celebrated with a foot-washing ceremony.","Easter Sunday <Religion — Vik Wei> [Ed. Ganon Evans]"
"Name this national park located on Mount Desert Island in Maine. The tallest mountain in this national park, Cadillac Mountain, is the first to see the sunrise in the U.S. for parts of the year.","Acadia National Park","Acadia National Park and Bar Harbor lie southwest of this bay that separates New Brunswick and Nova Scotia. The Mi’kmaq people fished in this bay on which Saint John was settled.","Bay of Fundy","The Katahdin Woods north of Acadia is a more popular spot to see these animals. This largest member of the deer family is common in boreal forests on the U.S.-Canada border.","moose [prompt on elk] <Geography — Andrew Gao> [Ed. Ganon Evans]"
"Poe wrote this poem about a bird who repeatedly croaks “Nevermore.” This poem also describes a “pallid bust of Pallas just above my chamber door.”","“The Raven”","This poem by Poe describes the “tintinnabulation” of its title objects that “[Keep] time, time, time, / In a sort of Runic rhyme.” The second line of each stanza in this poem describes those things as “gold,” “silver,” “iron,” and “brazen.”","“The Bells”","In Poe’s short story, “The Murders in the Rue Morgue” C. Auguste Dupin uses “ratiocination” [ra-TEE-oh-sen-AY-shun] to deduce that Madame L'Espanaye was stuffed up a chimney by one of these animals. In another Poe short story, Hop-Frog dresses up royalty as these animals for a masquerade.","orangutans <Mixed Literature — Andrew Gao> [Ed. Joel Miles]"
"The constitution was adopted by the “commonwealth” between this country and its northern neighbor Lithuania. Soon after, this country was partitioned three times among its neighbors.","Poland [accept Commonwealth of Poland; accept Polish-Lithuanian Commonwealth]","The May 3rd Constitution was inspired by this other country’s constitution, which was written in 1787 to replace its Articles of Confederation.","United States of America [or U.S.A; accept any underlined portion]","The May 3rd Constitution was nullified due to Russian bribery at a 1793 meeting of this parliament of the Commonwealth. It shares its name with the lower house of Poland’s modern-day parliament.","Sejm [“same”] [accept Grodno Sejm] <European History — June Yin> [Ed. Louis Li]"
"Give this term for molten rock on the Earth’s surface. It is contrasted with magma.","lava [accept pillow lavas]","This volcanic rock names a type of fast-flowing lava with a low proportion of silica [SILL-ih-kuh]. The solidification of this rock creates shield volcanoes in places like Hawaii.","basalt [buh-SALT] [accept basaltic lava or rock]","This Hawaiian term refers to lava flows with a rough, jagged surface that is difficult to walk across. It is contrasted with a smoother type of lava known by a different name.","a’a [ah-ah] (The other type is pahoehoe [puh-HO-ay-HO-ay].) <Earth Science — June Yin> [Ed.]"
"Name this author. In another work, this author wrote about Pelayo, who keeps the title senile character in a chicken coop.","Gabriel García Márquez","This lifelong enemy of Gabriel Garcia Marquez fictionalized the day of Rafael Trujillo’s assassination in his novel The Feast of the Goat. This author also wrote Aunt Julia and the Scriptwriter.","Mario Vargas Llosa [prompt on “Llosa” alone]","Vargas Llosa and Garcia Marquez are both authors who blend fantasy with the careful depiction of daily life, a genre known as the “magical” form of this broader style. This style seeks to represent things as they actually are.","realism [accept magical realism or magic realism] <Long Fiction — Tanay Bodducherla> [Ed. Joel Miles]"
"Name this substance, which as part of the Black is Beautiful movement, was stylized into afros, cornrows, and dreadlocks.","human hair","This activist advised “Do not remove the kinks from your hair; remove the kinks from your brain” in support of natural Black hair. This activist founded the Black Star Line as part of the “Back to Africa” movement.","Marcus Garvey","The Marcel Wave and Josephine Baker’s Eton Crop were hairstyles popular amongst this generation of women in the 1920s exemplified by Clara Bow’s “It Girl” wearing revealing dresses and androgynous hairstyles.","flappers <American History — Ganon Evans> [Ed. Louis Li]"
"Because he got hungry, the pig was the twelfth and last animal to finish a race hosted by the Jade Emperor that determined this twelve-year calendar. 2022 is the year of the Tiger in this calendar.","Chinese zodiac [prompt on the Chinese calendar]","This nasty piggy was sent to ravage an Aetolian [ee-tol-EE-an] kingdom by Artemis after King Oeneus [EE-nee-us] forgot to include her in his offerings. This boar was hunted by heroes like Meleager and Atalanta.","Calydonian Boar","This Norse goddess’s servant Óttar turned into the boar Hildisvíni for her to ride into battle. This daughter of Njord had a similarly named brother who owned a boar whose bristles glowed in the dark.","Freyja [or Freya; or Freyia; or Freja; reject “Freyr”] <Mythology — Gigi Chen> [Ed. Ganon Evans]"
"Austin’s accomplishment is sometimes misattributed to this contemporary dancer who was the first Black principal dancer at the American Ballet Theatre.","Misty Copeland","One of Austin’s lead roles was for Filipo Taglioni’s La Sylphide, which was written to show off this technique. A special box in ballet shoes helps dancers perform this technique which involves moving on the tips of the toes.","en pointe [on pwant]","Austin was known for her ability to perform these types of moves. Examples of these steps in ballet include the pas de chat and grand jeté in which both feet leave the ground.","jumps [or leaps] <Other Fine Arts — Vik Wei> [Ed. Ganon Evans]"
"In May 2022, Boris Johnson was fined for violating his own COVID-19 regulations during one of these events at 10 Downing Street in 2020. Finnish PM Sanna Marin attracted controversy for her conduct at one of these events.","parties [accept equivalents like social gatherings; accept Partygate]","In June 2022, 41 percent of this body’s Conservative members submitted no-confidence votes against Johnson. This body, divided into the House of Lords and the House of Commons, meets in the Palace of Westminster.","British Parliament [or Parliament of the United Kingdom]","Johnson resigned in July 2022 shortly after several ministers left his cabinet, including this former Chancellor of the Exchequer. This MP was announced as Liz Truss’s successor in October 2022.","Rishi Sunak <Current Events—Connor Lee> [Ed.] Note to Players: Composer and Genre required."
"This law describes the electric field due to one or more point charges. A constant appearing in this law equals one over 4 pi times the permittivity.","Coulomb's law","Coulomb’s law states that electrostatic force is proportional to the inverse square of this quantity. Gravitational force drops off with the square of this quantity by Newton’s law of universal gravitation.","distance [accept radius; accept displacement]","The differential form of this law holds that the divergence of an electric field is equal to the charge density divided by the permittivity. Newton used its analogue for gravity to prove the shell theorem.","Gauss’s law [accept Gauss’s flux theorem; reject “Gauss's law for magnetism”] <Physics — Vincent Wang> [Ed. June Yin]"
"Name this leader of Libya and author of The Green Book who was killed in Sirte during Libya’s 2011 civil war.","Muammar Gaddafi [or Qaddafi or Kaddafi or Muammar Muhammad Abu Minyar al-Gaddafi]","Gaddafi accepted responsibility for the bombing of Pan Am Flight 103 over this Scottish town. The Helsinki warning was received before that bombing named for this town.","Lockerbie, Scotland [accept Lockerbie bombing]","After Pan Am Flight 73 was hijacked on the ground in this country, Gaddafi paid the American victims $150 million. Another act of terrorism saw this country’s PM Benazir Bhutto assassinated in 2007.","Pakistan [or Islamic Republic of Pakistan or Jamhuryat Islami Pakistan] <World History — Andrew Gao> [Ed. Ganon Evans]"
"Both Lensky from Eugene Onegin [oh-NAY-gin] and his creator Alexander Pushkin died during what type of event, in which two men pace apart from each other then shoot?","duels [accept word forms such as dueling]","The nihilist doctor Bazarov treats Pavel’s leg after wounding him in a duel in this author’s novel Fathers and Sons. This author’s time with peasants inspired his collection A Sportsman’s Sketches.","Ivan Turgenev [ee-VAHN tur-GAIN-yev]","The protagonist of this Fyodor Dostoyevsky book believes he is dueling a policeman by bumping into him on the street in its section “Apropos [a-pruh-POH] of the Wet Snow,” and rants about the Crystal Palace and ideal living from the title location.","Notes from Underground [or Notes from the Underground or Letters from the Underworld] <Long Fiction — Ganon Evans> [Ed. Joel Miles]"
"Name these objects which enable humans and some primates to interact with their environment. Basic examples include hammers and axes.","tools","This thinker observed monkeys using stones to open nuts in his book The Descent of Man. Herbert Spencer applied this thinker’s ideas to society, which were then used to justify eugenics.","Charles (Robert) Darwin","Jane Goodall observed chimpanzees using grass to “fish” for termites during her seven decades of research in this Tanzanian national park. Kasakela chimps murdered Kahama chimps in a four-year animal war in this park.","Gombe (Stream) National Park <Social Science — Ganon Evans> [Ed. June Yin]"
"Over 100 hostages were rescued by Mossad during what 1976 event, in which Michel Bacos was awarded the Legion of Honor for staying with passengers of Air France Flight 139?","Operation Entebbe [or Operation Thunderbolt; accept answers mentioning a military raid at Entebbe International Airport; accept Operation Jonathan]","A member of this family, Yonatan, led the Entebbe raid. Another member of this family is a Likud Party Prime Minister who bribed the media company Bezeq for positive coverage in 2019.","Netanyahu family [accept Benjamin “Bibi” Netanyahu; accept Yonatan “Yoni” Netanyahu]","Entebbe Airport is in this country, near its capital Kampala. Hostage-takers were supported by Idi Amin, a former dictator of this country.","Uganda [or Republic of Uganda] <World History — Andrew Gao> [Ed. Louis Li]"
"Name this novel in which Yu challenges Liang to gather 100,000 arrows in 3 days, so Liang creates boats manned by straw figures to lure volleys of arrows from Cao Cao’s [tsow tsow’s] army.","Romance of the Three Kingdoms [or Sanguo Yanyi]","To assuage Zhou Yu prior to this battle, Zhuge Liang conducts a fake ritual to change the direction of the wind. Guan Yu [gwan yoo] fails to intercept Cao Cao [tsao tsao] at Huarong [hwah-rohng] trail after his defeat at this battle.","Battle of the Red Cliffs [or the Battle of Chibi]","Zhuge Liang’s genius military strategies are often compared to those of this author. This minister emphasized harmony with one’s army in his treatise The Art of War.","Sun Tzu [or Sun Zi; or Sun Wu; or Changqing] <Long Fiction — Joy An> [Ed. Joel Miles]"
"Name this singer that released the albums folklore and evermore. In November 2021, she released the self-directed film ""All Too Well"" after a re-recording of her album Red.","Taylor (Alison) Swift","This aforementioned verité documentary details Swift's life as she learns to ""harness the full power of her voice"" by breaking from the mold of a ""good girl.""","Taylor Swift: Miss Americana","Taylor Swift: Miss Americana draws its name from the 2019 song ""Miss Americana & the Heartbreak Prince"" in this album, which also features ""Me!"" and ""You Need to Calm Down.""","Lover <Pop Culture — Vincent Wang> [Ed. Ganon Evans]"
"Name this Winslow Homer painting of a Black man stranded on a small boat in the middle of the ocean.","The Gulf Stream","Homer’s painting The Gulf Stream depicts several of these animals. A painting by John Singleton Copley depicts one of these animals attacking Brook Watson off of the coast of Havana Harbor.","sharks [accept Watson and the Shark]","The sharks in Homer’s The Gulf Stream inspired damned souls biting the title ship in this artist’s The Barque of Dante. During his Orientalist phase, this artist painted three women sitting in an ornate room around a hookah pipe.","Eugène Delacroix [del-uh-krwah] <Visual Fine Arts — June Yin> [Ed. Gabe Forrest]"
"In the 1950s and 60s, Chester M. Southam injected these cancer cells into uninformed patients. George Gey isolated this first immortal human cell line without consent from the donor.","HeLa [HEE-lah] cells","In 1955-57 over 100 Alaska Natives were given doses of radioactive iodine without being informed, to test the role of this butterfly-shaped gland in adapting to cold.","thyroid gland","As part of Project MKULTRA, the CIA administered this hallucinogenic drug to non-consenting individuals. This drug’s inventor Albert Hofmann famously rode a bicycle under its influence.","LSD [or lysergic acid diethylamide] <Biology — June Yin> [Ed.]"
"Name this island in the Cyclades which hosted the Athenian treasury and thus lent its name to Athens’ alliance of city-states.","Delos [accept the Delian League]","Delos’s importance as a port waned after it was sacked by this king of Pontus who fought the Romans in Anatolia. This ruler allegedly developed a method of ingesting non-lethal amounts of poison to build immunity.","Mithridates VI Eupator [or Mithridates the Great; accept Mithridatism]","Delos was a slave trading hub for groups of these people from Cilicia who later kidnapped Julius Caesar. Pompey waged war against these people who attack and raid ships at sea.","pirates [accept Cilician pirates] <European History — Ganon Evans> [Ed.]"
"Name this African country whose flag resembles the U.S.’s except for containing a single star in its upper left.","Liberia [or Republic of Liberia]","Liberia’s county flag designs were inspired by this art form practiced by women using tripod devices. A Ghanian example of this art form is known as kente [KEN-tay].","textiles [accept weaving; accept answers mentioning cloth or fabric or quilts]","The flag of Maryland County depicts one of these buildings on Cape Palmas, which guided ships into the port of Harper. These tower-like buildings often have red and white stripes.","lighthouses <Other — June Yin> [Ed. Ganon Evans]"
"Name this quantity that may be expressed in light-years or parsecs.","distance [accept answers indicating how far an object is from Earth]","The tip of the red giant branch is a feature on this diagram, which plots the luminosity of stars against their temperature. A diagonal line across this diagram represents the “main sequence.”","Hertzprung-Russell diagram [or H-R diagram]","When stars leave the tip of the red giant branch, they experience a “flash” named after this element, in which it is rapidly fused into carbon.","helium [or He; accept helium flash] <Astronomy — Joy An> [Ed. June Yin]"
"Name this author, who created the character Aunt Lydia, “who was in love with either/or,” in the novel The Handmaid’s Tale.","Margaret Atwood","The speaker of Atwood’s poem “[you fit into me]” says, “you fit into me / like a hook into [one of these body parts.]” In The Handmaid’s Tale, Gilead’s police force is named after this body part.","eyes [accept The Eye]","This woman declares “This is a torch song. / Touch me and you'll burn” in an Atwood poem titled for her doing “Countertop Dancing.” In Doctor Faustus, this woman is referred to as “the face that launched a thousand ships.”","Helen of Troy [accept “Helen of Troy Does Countertop Dancing”] <Mixed Literature — Rachel Ezrielev> [Ed. Joel Miles]"
"In his hermaphrodite form Ardhanarishvara [uhr-duh-nuh-REESH-vuh-ruh], Shiva is combined with this other god. This goddess was born after Sati [SUH-tee] threw herself into a funeral pyre.","Parvati [accept Uma]","Shiva is often depicted riding Nandi [NUN-dee], a white one of these animals. The slaughter of these animals is taboo across many Hindu states in India.","cows [accept cattle; accept bull; accept steer]","In his Nataraja [NUH-tuh-rah-juh] form, Shiva performs this action. Kali performs this action on top of Shiva in an attempt to destroy the world.","dancing [accept the Lord of the Dance] <Mythology — Braden Booth> [Ed. Ganon Evans]"
"His formulation was based on a function called the Lagrangian [luh-GRAHN-jee-un], defined as kinetic energy minus this other type of energy that objects have due to their position.","potential energy","Performing this operation on the Lagrangian yields a quantity called “action.” This operation performed on power gives the change in energy.","time integral [or equivalents like integrating with respect to time; prompt on integral or equivalents]","Noether’s theorem holds that this quantity is conserved due to the Lagrangian’s symmetry under translations in space. Unlike kinetic energy, this quantity is conserved in inelastic collisions.","(linear) momentum [accept conservation of momentum] <Physics — Vincent Wang> [Ed. June Yin]"
"Name these thought processes, which form the basis of G. E. Moore’s ethical system. Daniel Dennett argued that thought experiments like the Chinese Room are overly reliant on “pumping” these processes.","moral intuitions [or ethical intuitions; accept intuition pumps or intuitionism]","Ethical intuitions and the interactions of our emotions with morality are studied by the “moral” subfield of this discipline. Jean Piaget [jon pee-ah-ZHAY] was a pioneer of this study of behavior.","moral psychology [accept word forms like psychologist]","Crowdsourced moral psychology research includes the Moral Machine project, which helps these things make decisions. The ability of these things to save some lives over others in an unavoidable accident is controversial.","self-driving cars [or driverless cars or robotic cars; accept descriptions of cars that can drive themselves; prompt on cars or AI or robots; reject “trollies”] <Philosophy — Joel Miles> [Ed.]"
"Name this character. This character judges a contest between Aeschylus [“ESS-kuh-luss”] and Euripides [“your-IP-uh-deez”] and chooses to allow Aeschylus to return to life.","Dionysus","Dionysus travels to the underworld with his slave Xanthias [“ZAN-thee-us”] in this play by Aristophanes [“air-uh-STAW-fuh-neez”]. The title characters of this play chant “brekekekex, ko-ax, ko-ax!”","The Frogs [or Bátrakhoi]","The Frogs opens with Dionysus consulting this hero for advice while wearing this hero’s lion skin, only for this hero to laugh at his getup. This hero traveled to the underworld to retrieve Cerberus as part of his twelve labors.","Heracles [or Hercules] <Drama — Joy An> [Ed. Joel Miles]"
"Name this state, where irregularities such as “butterfly ballots” and “hanging chads” combined with Cuban upset over the treatment of Elián González may have swung an election.","Florida [or FL]","In Florida’s Palm Beach County, “butterfly ballots” may have led hundreds of Gore voters to instead cast their vote for this Reform Party nominee. This paleoconservative coined the terms “silent majority” and “culture wars.”","Pat Buchanan [or Pat Buchanan]","Florida’s electoral votes ultimately went to this presidential candidate. The Iraq War was launched by this President in response to the September 11th attacks.","George W. Bush [or Bush 43 or George Walker Bush or Bush Jr. or Bush the Younger; prompt on George Bush; prompt on Dubya; do NOT accept or prompt on “George H.W. Bush”] <American History — Connor Lee> [Ed. Louis Li]"
"Indonesia’s new capital of Nusantara is being built on this island shared with Brunei and Malaysia. The popular online Orangutan Jungle School is located on this island.","Borneo","This country moved its capital to Naypyidaw in 2005. This Asian country also contains the city of Mandalay, and the Irrawaddy River flows through this country into the Andaman Sea.","Myanmar [or Burma; or Union of Burma; or Pyidaungzu Thammada Myanma Naingngandaw; or Republic of the Union of Myanmar]","This country began moving its capital from Bujumbura to Gitega in 2018. A giant man-eating crocodile named Gustave ate over 300 people along this country’s northern shores of Lake Tanganyika.","Burundi [or Republic of Burundi; or Republique du Burundi; or Republika y’u Burundi] <Geography — Connor Lee> [Ed. Ganon Evans]"
"Name these objects that Major Kong attempts to use against Laputa, to the consternation of those in the War Room. These objects cause a discussion about a “mineshaft gap” and female-to-male ratios.","nuclear bombs [accept equivalents such as nukes; accept atomic bombs; prompt on bombs; do not accept or prompt on “rockets” or “missiles”]","Nuclear bombs trigger a Doomsday Machine in this 1964 film after General Ripper launches Plan R. Peter Sellers plays this film’s title wheelchair-using scientist who is unable to control giving a Nazi salute.","Dr. Strangelove (or: How I Learned to Stop Worrying and Love the Bomb)","Dr. Strangelove’s concrete War Room was carefully designed by this man. This director also created the films A Clockwork Orange and 2001: A Space Odyssey.","Stanley Kubrick <Other Fine Arts — Nathan Nicholas> [Ed. Ganon Evans]"
"Langston Hughes was a poet from what 1920s movement centered in a majority African-American neighborhood in New York City?","Harlem Renaissance","This Langston Hughes poem describes the title features as ""ancient as the world and older than the flow of blood in human veins"" and goes on to describe the speaker ""bathed in the Euphrates"" and having ""heard the singing of the Mississippi.”","""The Negro Speaks of Rivers""","This Harlem Renaissance poet exclaimed ""We’ll face the murderous, cowardly pack / Pressed to the wall, dying, but fighting back!"" in his poem “If We Must Die.” This Jamaican-born author wrote the collection Harlem Shadows.","Claude McKay <Poetry — Tanay Bodducherla> [Ed. Joel Miles]"
"Violin students may learn Vittorio Monti’s Czardas [CHAR-dash], which is based on a dance from this home country of Franz Lizst. Brahms wrote a series of dances based on themes from this country.","Hungary [or Magyarorzág; accept Hungarian Dances]","Solo violin works by this composer include the 5th movement Chaconne from his D-minor Partita No. 2. This composer also wrote the Brandenburg Concertos and the Well-Tempered Clavier.","Johann Sebastian Bach","Another piece you are probably very familiar with is the “Meditation” from Thaïs, an opera by this composer. He also wrote the operas Manon and Werther.","Jules Massenet <Auditory Fine Arts — Joy An> [Ed. Ganon Evans]"
"Name this company, which was created by Lázaro Cárdenas in 1938 when he nationalized Mexico’s oil industry.","Pemex [or Petróleos Mexicanos or Mexican Petroleum]","Cárdenas was a member of this political party that held continuous power from 1929 to 2000. Under this party’s Dedazo system, the president would appoint his successor.","PRI [or Institutional Revolutionary Party; or Partido Revolucionario Institucional; or PNR; or Partido Nacional Revolucionario; or National Revolutionary Party; or PRM; or Partido de la Revolución Mexicana; or Party of the Mexican Revolution]","Pemex served as a model for Petrobrás, an oil company owned by the government of this country. This country’s president Getulio Vargas committed suicide in his Rio de Janeiro Palace a year after founding Petrobrás.","Brazil [or Federative Republic of Brazil or República Federativa do Brasil] <World History — Joel Miles> [Ed. Louis Li]"
"Dresselhaus was known as the “queen” of this nonmetallic element due to her extensive work on its allotropes [AL-uh-trohps], such as nanotubes and graphite.","carbon [or C]","Dresselhaus pioneered the study of carbon allotropes using Raman [RAH-mun] spectroscopy, which measures this kind of molecular motion that comes in six distinct “modes.”","molecular vibrations [or vibrational motion or vibrating; accept vibrational modes]","Dresselhaus also studied this semiconducting carbon allotrope that consists of a single flat honeycombed sheet.","graphene [GRAPH-een] <Chemistry — June Yin> [Ed.]"
"Name these objects, one of which grows from a bar of iron thrown by Queen Jadis. Lucy later meets Mr. Tumnus next to one of these objects.","a lamppost [or a street lamp; prompt on lamp]","The beginning of this land is marked by a constantly-burning lamppost. The Pevensie siblings find the entrance to this magical land in their wardrobe in a C.S. Lewis novel.","Narnia [accept The Chronicles of Narnia: The Lion, The Witch, and the Wardrobe]","Lewis’s first work of fiction was a parody of this novel. Christian’s struggles with the Great Despair while trying to reach the Celestial City in this novel have been compared to Narnia’s own Christian meanings.","The Pilgrim’s Progress <Long Fiction — Joy An> [Ed. Ganon Evans]"
"Name this title animal of a piece integrated into a piano quintet in A major, whose voice line changes from major to minor after a fisherman catches this animal.","trout [or The Trout; accept the Trout Quintet; accept Die Forelle; prompt on fish]","This composer worked variations on Die Forelle [dee for-ELL-uh] into his Trout Quintet. Because this composer only wrote two movements of his eighth symphony, it is called the Unfinished Symphony.","Franz Schubert","As Schubert’s Die Forelle sets a poem by the unrelated Schubart, it is this type of piece usually written for solo voice and piano. His Der Erlkönig and Gretchen at the Spinning Wheel are also this type of piece.","lieder [leeder] [or songs] <Auditory Fine Arts — Joy An> [Ed. Ganon Evans]"
"Name these locations observed from a deck called a hojo. Raking patterns like scrolls and waves give gravel in these locations the appearance of rippling water.","Japanese rock gardens [or Zen gardens; or stone gardens; or karensangui; or dry gardens; or dry landscapes; prompt on gardens]","Ryōan-ji’s subtle arrangement like a tree may have appealed to monks studying how this figure achieved Enlightenment after sitting under the Bodhi Tree. Followers of this figure recognize the Four Noble Truths.","The Buddha [or Siddhartha Gautama]","Zen Buddhism branched off from this school which preaches that people should stay in samsara, become bodhisattvas, and help other people, unlike arhats in the Theravada School.","Mahayana Buddhism <Religion — Vincent Wang> [Ed. Ganon Evans]"
"Name this color that partially names a Han Dynasty peasant revolt led by the Taoist mystic Zhang Jue [jung jway].","yellow [Accept Yellow Turban Rebellion]","A dragon on a yellow field was the flag of this Chinese dynasty. Puyi was the last emperor of this dynasty, which was succeeded by the Republic of China.","Qing [cheeng] dynasty [reject “Qin [chin]”]","In modern times, the color yellow in China has been associated with these objects used by Hong Kong protesters. These namesakes of a 2014 “Movement” have been used to shield protesters from tear gas.","umbrellas [or parasols; accept Yellow Umbrella Movement] <World History — Connor Lee> [Ed. Louis Li]"
"Name this staple crop in the genus Zea [ZEE-uh], a member of the Three Sisters. Types of it include “field” and “sweet.”","corn [or maize or Zea mays]","In the U.S., corn is often processed into a type of syrup “high” in this sugar that is sweeter than glucose. As its name suggests, it is common in fruits.","fructose [accept high-fructose corn syrup]","While studying inheritance in corn, Barbara McClintock discovered these genetic elements that include LINEs [lines] and SINEs [sines]. They make up about 50 percent of the human genome.","transposons [or transposable elements or jumping genes] <Biology — June Yin> [Ed.]"
"Name this novel about the end of the world, which opens with a conversation between the angel Aziraphale and a snake named Crawley right after the fall of man.","Good Omens","Good Omens is a collaboration between Neil Gaiman and this author. A flat planet balanced on four elephants balancing on a turtle moving through space is the setting for this author’s Discworld series.","Terry Pratchett","Gaiman’s works in this genre include a book where the Other Mother tries to convince the title girl to sew buttons into her eyes, Coraline. Other books in this genre include The Very Hungry Caterpillar by Eric Carle.","children’s books [accept reasonable equivalents such as books for children; accept children’s literature; accept kiddie lit] <Other — Joy An> [Ed. Ganon Evans]"
"Name these three colors that Piet Mondrian made many ""Compositions"" with. In addition to gray and white, Mondrian's Broadway Boogie Woogie uses these three colors.","red, blue, and yellow [accept in any order; prompt on the primary colors]","Though he once used triangles, Mondrian refused to use shapes other than this one in his paintings. Kazimir Malevich’s White on White depicts one of these shapes, which is a typical shape for a painting’s frame.","squares [accept rectangles; prompt on quadrilaterals]","Despite not using black, Broadway Boogie Woogie exemplifies this Dutch art movement that advocates for restricting visual compositions to horizontal and vertical elements while only using black, white, and primary colors.","De Stijl [“duh STYLE”] [accept Neoplasticism] <Visual Fine Arts — Vincent Wang> [Ed. Gabe Forrest] Note to Moderators: Read the answerline carefully. Note to Players: Specific Term Required."
"Name this author with a one-word pen name. In another story by this author, Mr. Nuttel is terrified to see three hunters who supposedly died in a bog walking back to the house through the title ‘Open Window”.","Saki [or Hector Hugh Munro]","In this Saki story, Ulrich and Georg reconcile a familial feud after being trapped under a tree. They make bets on whose men will arrive to rescue them first, but end up being discovered by wolves at the end of this story instead.","“The Interlopers”","In another Saki story, the Quabarls insist that children should be introduced “to the life-stories of men and women who really lived, not merely committing a mass of names and dates to memory” when studying this subject. Herodotus is known as the “father” of this discipline.","history (The unnamed story is “The Schartz-Metterklume Method.”) <Mixed Literature — Joy An> [Ed. Joel Miles]"
"Name these materials that experience zero electrical resistance.","superconductors","The first superconductor created above the boiling point of nitrogen was an alloy of this rare-earth element along with barium, copper, and oxygen.","yttrium [or Y; accept yttrium barium copper oxide; prompt on YBCO]","In 2020 scientists claimed to have made a room-temperature superconductor by reacting carbon, sulfur, and hydrogen in an extremely high-pressure “anvil cell” that uses two crystals of this material.","diamond [accept diamond anvil cells; prompt on DACs] <Physics — June Yin> [Ed.]"
"Aubrey Eberhardt began the tradition of shouting the name of this Apache chief in reference to him jumping off a cliff near Fort Sill.","Geronimo [or Goyaałé]","The 101st Airborne Division was deployed to protect this group of students who were barred from entering a Southern high school by Orval Faubus’s National Guard.","Little Rock Nine","During Operation Torch, paratroopers attacked Vichy forces in the eastern neighbor of this country to provide support for Operation Goalpost. This country was the first to recognize the United States under Mohammed III.","Morocco <American History — Ganon Evans> [Ed. Louis Li]"
"Name these automobile components that use a platinum-based catalyst to turn toxic gases from the engine into less-toxic pollutants.","catalytic converters","Two-way catalytic converters facilitate this type of reaction that creates carbon dioxide from carbon monoxide. Electrons are lost during this type of reaction, in contrast to reduction.","oxidation [or oxidizing or oxidized]","A tetraethyl compound with this metal at its center causes catalyst poisoning in catalytic converters, leading to fuels using the compound to be phased out in the 1970s.","(tetraethyl) lead [prompt on TEL] <Chemistry — Neal Joshi> [Ed. June Yin]"
"Name this only non-English-language film ever to win Best Animated Feature. In this Studio Ghibli film, Chihiro finds a bathhouse for ghosts and meets the dragon Haku.","Spirited Away [or Sen to Chihiro no Kamikakushi]","The Ghibli film Porco Rosso centers on a bounty hunter with this profession cursed to be a pig. Tom Cruise’s character has this profession in Top Gun: Maverick.","fighter pilot [accept aviator; accept dogfighter]","The music for most Studio Ghibli films is by this composer, known for pieces such as “Summer” from Spirited Away and “Merry-Go-Round of Life” from Howl’s Moving Castle.","Joe Hisaishi <Popular Culture — Gigi Chen> [Ed. Ganon Evans]"
"Name this home country of Miles Franklin. Oskar and Lucinda bet over whether they can move a glass church across this country in a novel by one of its authors, Peter Carey.","Australia [or Commonwealth of Australia]","Carey used the character Bob McCorkle to mirror the controversy surrounding Ern Malley, a poet with this trait, in a novel titled My Life as a person with this trait.","they’re fictional [accept descriptions like they don’t exist or are made up; accept My Life as a Fake]","Carey’s novel Jack Maggs is a retelling of Great Expectations, a novel by this author who also wrote Oliver Twist.","Charles Dickens [or Charles John Huffan Dickens] <Long Fiction — Rachel Ezrielev> [Ed. Joel Miles]"
"Name this 1959 album by a notoriously grumpy jazz bassist. This album includes an elegy for the saxophonist Lester Young called “Goodbye Pork Pie Hat.”","Mingus Ah Um","1959 saw the release of several other iconic jazz albums, including this musician’s Kind of Blue. This trumpet player arranged the piece Concierto de Aranjuez for his album Sketches of Spain.","Miles Davis","This Dave Brubeck album was also released in 1959. Unorthodox time signature choices in this album include the 9/8 opening of “Blue Rondo à la Turk” and a track entirely in 5/4 [five-four], “Take Five.”","Time Out <Other Fine Arts — Joy An> [Ed. Ganon Evans]"
"Name this good possibly introduced to Europe after the Battle of Mohi. Robert Catesby fled London after 36 barrels of this good were discovered under Parliament on November 5th, 1605.","gunpowder [accept the Gunpowder Plot]","The Gunpowder Plot was an attempt to kill the first Stuart king with this name, who commissioned an eponymous English translation of the Bible.","James [accept James I [“the first”]; accept King James Bible]","An interactive exhibit in this location shows where Guy Fawkes confessed his participation in the Gunpowder Plot. Richard of Shrewsbury and Edward V were murdered in this location near the end of the War of the Roses.","Tower of London [prompt on the Tower; prompt on Princes in the Tower] <European History — Ganon Evans> [Ed. Louis Li]"
"Name this animal, one of whom tricks Reynard the Fox into opening his mouth to taunt in the Nun’s Priest’s Tale.","chicken [accept roosters; accept fowls]","The Slavic figure Koschei [kuh-SHAY] hides his soul inside a needle inside an egg inside a duck inside a hare inside a chest on a deserted island to maintain this trait. Tantalus tried to steal ambrosia and nectars, which grant this trait.","immortality [accept word forms such as being immortal; accept equivalents such as not dying or living forever; accept being deathless]","In Polish and Hungarian folklore, cockatrices and basilisks hatch from chicken eggs and kill people in this manner. Staring into Medusa’s eyes caused this fate in Greek myth.","turning to stone [accept obvious equivalents; accept petrification; prompt on death or dying] <Mythology — Ganon Evans> [Ed.]"
"Name this base used by computers that only includes 0’s and 1’s.","binary [accept base-2]","In an XOR cipher, strings are encrypted using these entities. These things can be either “public” or “private” depending on how accessible they are.","keys","Cryptography algorithms commonly utilize these “one-way” functions to scramble input data. One of these functions called MD5 is now considered obsolete due to a new function that produces its “collisions.”","hash functions [accept hashing] <Computer Science — Danny Peelen> [Ed. Jason Xu]"
"Name this set of conflicts. Mobutu Sese Seko was ousted in the first of these conflicts, while his rival Laurent Kabila was killed during the second.","Congo Wars [or Congo Crises; or Congolese Civil Wars; accept First and Second Congo Wars]","The Congo Wars were catalyzed in part by this ethnic group, which fled to the DRC from a neighboring country to escape Hutu persecution.","Tutsis [or Abatutsis]","This country’s namesake genocide against its Tutsi population was ended by its president Paul Kagame, who led this country to invade the DRC during the Congo Wars.","Rwanda [or Republic of Rwanda or Republika y’u Rwanda] <World History—Connor Lee> [Ed. Louis Li]"
"The narrator observes that “among twenty snowy things, the only moving thing was the eye of” what type of animal, beginning a poem titled for “Thirteen Ways of Looking at” one of these animals?","blackbirds [accept “Thirteen Ways of Looking at a Blackbird”; prompt on birds]","The author of “Thirteen Ways of Looking at a Blackbird,” Wallace Stevens, also wrote a poem about this season titled “The Snow Man” which begins “one must have a mind of [this season] to regard the frost and the boughs.”","winter","This other Stevens poem describes houses that are “haunted by white night-gowns” at the title hour. This poem ends by describing “an old sailor, drunk and asleep in his boots” who “catches tigers in red weather.”","“Disillusionment of Ten O’Clock” <Poetry — Joy An> [Ed. Joel Miles]"
"Name this field in which the theories of Realism and Liberalism differ over the influence of non-state organizations. Democratic peace theory is controversial in this field.","international relations [accept international studies or international affairs; accept IR or IS or IA]","A strong military can lead to the “hard” form of this concept, which is the ability of a country to influence others. The USA is currently the only country described as a “super [this term].”","power [accept hard power; accept superpower]","Common reading in IR courses is this theorist’s Theory of International Politics, which began the school of neorealism. His balance of power theory argues that states will form shaky alliances to secure dominance.","Kenneth Waltz <Social Science — Ganon Evans> [Ed.]"
